Fecha;Cierre;Apertura
28-12-2017;29.17;29.6
27-12-2017;29.58;29.705
22-12-2017;29.615;29.66
21-12-2017;29.93;29.54
20-12-2017;29.53;29.86
19-12-2017;29.805;29.955
18-12-2017;30.01;30.225
14-12-2017;30.72;31.4
13-12-2017;31.295;32
12-12-2017;30.765;31.23
11-12-2017;31.15;31.22
08-12-2017;31.075;31.28
07-12-2017;30.97;30.73
06-12-2017;30.605;30.2
05-12-2017;30.38;30.43
04-12-2017;30.575;29.825
01-12-2017;29.57;29.74
30-11-2017;29.74;29.745
29-11-2017;29.775;29.96
28-11-2017;29.84;29.655
27-11-2017;29.6;29.385
24-11-2017;29.475;29.22
23-11-2017;29.275;29.25
22-11-2017;29.28;29.33
21-11-2017;29.36;29.525
20-11-2017;29.5;29.25
17-11-2017;29.265;29
16-11-2017;29.755;29.36
15-11-2017;29.19;29.39
14-11-2017;29.385;29.41
13-11-2017;29.335;29.65
10-11-2017;29.555;29.775
09-11-2017;29.73;30.055
08-11-2017;30.1;29.96
07-11-2017;29.96;30.89
06-11-2017;30.885;31.05
03-11-2017;31.15;31.3
02-11-2017;31.2;31.48
01-11-2017;31.47;32.305
31-10-2017;32.095;31.99
30-10-2017;32.185;31.51
27-10-2017;31.26;31.52
26-10-2017;31.48;30.715
25-10-2017;30.6;30.91
24-10-2017;30.92;30.95
23-10-2017;30.95;30.97
20-10-2017;30.99;31.04
19-10-2017;30.895;31.3
18-10-2017;31.26;31.565
17-10-2017;31.445;31.05
16-10-2017;31.12;31.17
13-10-2017;31.18;31.4
12-10-2017;31.4;31.475
11-10-2017;31.4;31.23
10-10-2017;31;31.3
09-10-2017;31.3;31.245
06-10-2017;30.945;31.19
05-10-2017;31.24;30.725
04-10-2017;30.655;31.28
03-10-2017;31.31;31.465
02-10-2017;31.47;31.74
29-09-2017;31.885;31.805
28-09-2017;31.71;31.6
27-09-2017;31.585;31.625
26-09-2017;31.515;31.565
25-09-2017;31.525;31.58
22-09-2017;31.91;32.00
21-09-2017;31.995;32.49
20-09-2017;32.41;32.2
19-09-2017;32.685;31.985
18-09-2017;32.535;32.685
15-09-2017;32.65;32.35
14-09-2017;32.345;32.29
13-09-2017;32.175;31.955
12-09-2017;32.05;31.67
11-09-2017;31.45;31.115
08-09-2017;30.895;31.105
07-09-2017;31.115;31.345
06-09-2017;31.2;31.03
05-09-2017;31.165;31.4
04-09-2017;31.545;31.625
01-09-2017;31.85;32.015
31-08-2017;31.915;33.05
30-08-2017;33.105;33.385
29-08-2017;33.225;33
28-08-2017;33.005;33.26
25-08-2017;33.41;33.35
24-08-2017;33.445;33.58
23-08-2017;33.44;33.67
22-08-2017;33.665;33.81
21-08-2017;33.61;33.45
18-08-2017;33.445;33.535
17-08-2017;33.77;33.8
16-08-2017;33.76;33.79
15-08-2017;33.59;33.505
14-08-2017;33.43;33.205
11-08-2017;33.17;33.4
10-08-2017;33.595;34.04
09-08-2017;34.04;34.125
08-08-2017;34.355;33.875
07-08-2017;33.955;34.13
04-08-2017;33.96;33.6
03-08-2017;33.68;33.75
02-08-2017;33.75;33.88
01-08-2017;33.88;34.03
31-07-2017;33.59;33.6
28-07-2017;33.5;33.5
27-07-2017;33.745;33.485
26-07-2017;33.62;33.39
25-07-2017;33.39;33.72
24-07-2017;33.645;33.625
21-07-2017;33.625;33.96
20-07-2017;34.17;34.22
19-07-2017;34.22;33.81
18-07-2017;33.72;34.4
17-07-2017;34.55;34.32
14-07-2017;34.2;34.16
13-07-2017;34.05;33.9
12-07-2017;33.79;33.35
11-07-2017;33.34;33.89
10-07-2017;33.745;33.675
07-07-2017;33.635;33.735
06-07-2017;33.535;34.045
05-07-2017;33.89;33.825
04-07-2017;33.795;33.72
03-07-2017;33.84;33.705
30-06-2017;33.61;33.99
29-06-2017;33.92;34.73
28-06-2017;34.535;34.725
27-06-2017;34.825;34.87
26-06-2017;34.935;35.015
23-06-2017;34.86;35.065
22-06-2017;35.07;34.885
21-06-2017;35.02;35.155
20-06-2017;35.155;35.695
19-06-2017;35.555;35.485
16-06-2017;35.21;34.97
15-06-2017;34.97;35.15
14-06-2017;35.215;35.16
13-06-2017;35.86;35.745
12-06-2017;35.795;36.285
09-06-2017;36.405;36.58
08-06-2017;36.425;36.185
07-06-2017;36.195;36.37
06-06-2017;36.655;36.81
05-06-2017;36.63;36.87
02-06-2017;36.665;36.6
01-06-2017;36.31;36.525
31-05-2017;36.395;36.31
30-05-2017;36.335;35.885
29-05-2017;35.975;36.26
26-05-2017;36.27;35.99
25-05-2017;35.975;36.28
24-05-2017;36.095;36.2
23-05-2017;36.175;36.335
22-05-2017;36.34;36.13
19-05-2017;35.935;35.885
18-05-2017;35.905;36.075
17-05-2017;36.005;36.375
16-05-2017;36.46;36.35
15-05-2017;36.285;36.43
12-05-2017;36.43;35.85
11-05-2017;35.85;36.55
10-05-2017;36.505;36.6
09-05-2017;36.535;36.23
08-05-2017;36.085;36.355
05-05-2017;36.315;36.22
04-05-2017;36.18;35.9
03-05-2017;35.71;35.28
02-05-2017;35.435;35.28
28-04-2017;35.21;34.865
27-04-2017;34.83;34.7
26-04-2017;34.96;35.02
25-04-2017;35.15;35.195
24-04-2017;35.015;35.115
21-04-2017;34.19;34.08
20-04-2017;34.215;34.25
19-04-2017;34.405;34.17
18-04-2017;34.17;34.5
13-04-2017;34.325;33.915
12-04-2017;33.895;34.02
11-04-2017;33.95;33.715
10-04-2017;33.85;33.79
07-04-2017;33.92;33.715
06-04-2017;33.68;33.05
05-04-2017;32.88;33.2
04-04-2017;33.055;32.735
03-04-2017;32.735;33.04
31-03-2017;33.04;32.47
30-03-2017;32.55;32.75
29-03-2017;32.685;32.665
28-03-2017;32.51;32.61
27-03-2017;32.555;32.15
24-03-2017;32.35;32.43
23-03-2017;32.505;31.885
22-03-2017;31.81;31.805
21-03-2017;32.005;32.085
20-03-2017;32.035;31.9
17-03-2017;31.905;31.9
16-03-2017;31.68;31.65
15-03-2017;31.405;31.65
14-03-2017;31.39;31.2
13-03-2017;31.28;31.5
10-03-2017;31.435;31.75
09-03-2017;31.58;31.08
08-03-2017;30.93;30.43
07-03-2017;30.51;30.765
06-03-2017;30.6;30.61
03-03-2017;30.63;30.6
02-03-2017;30.6;30.93
01-03-2017;30.89;30.56
28-02-2017;30.32;30.065
27-02-2017;29.95;30.325
24-02-2017;30.205;30.44
23-02-2017;30.465;30.735
22-02-2017;30.725;30.96
21-02-2017;31.015;31.04
20-02-2017;30.955;31.25
17-02-2017;31.02;31.155
16-02-2017;31.175;31.4
15-02-2017;31.335;31.3
14-02-2017;31.275;31.38
13-02-2017;31.335;31.255
10-02-2017;31.14;31.29
09-02-2017;31.12;30.945
08-02-2017;30.86;30.955
07-02-2017;30.885;30.54
06-02-2017;30.565;30.7
03-02-2017;30.725;30.645
02-02-2017;30.535;30.4
01-02-2017;30.53;30.855
31-01-2017;30.535;30.75
30-01-2017;30.645;30.84
27-01-2017;30.85;30.975
26-01-2017;30.84;31.26
25-01-2017;31.12;31.2
24-01-2017;31.02;31.175
23-01-2017;31.065;31
20-01-2017;31;31.25
19-01-2017;31.225;31.39
18-01-2017;31.35;31.445
17-01-2017;31.395;31.5
16-01-2017;31.585;31.72
13-01-2017;31.93;31.735
12-01-2017;31.62;31.3
11-01-2017;31.38;31.675
10-01-2017;31.63;31.94
09-01-2017;31.865;31.755
06-01-2017;31.675;31.48
05-01-2017;31.45;31.85
04-01-2017;31.97;32.31
03-01-2017;32.275;32.7
02-01-2017;32.6;32.425
30-12-2016;32.43;32.245
29-12-2016;32.35;32.2
28-12-2016;32.395;32.265
27-12-2016;32.245;32.2
23-12-2016;32.19;32.125
22-12-2016;32.13;32.015
21-12-2016;32.02;32.03
20-12-2016;32.115;32.055
19-12-2016;32.07;32.355
16-12-2016;32.45;32
15-12-2016;32.015;32.19
14-12-2016;32;33.02
13-12-2016;32.99;32.125
12-12-2016;32.235;32.185
09-12-2016;32.305;31.92
08-12-2016;31.9;32.43
07-12-2016;32.225;32.45
06-12-2016;32.295;32.09
05-12-2016;31.98;31.5
02-12-2016;31.64;31.555
01-12-2016;31.795;32.15
30-11-2016;32.275;32.33
29-11-2016;32.455;32.37
28-11-2016;32.24;32.17
25-11-2016;32.395;32.05
24-11-2016;32.05;31.42
23-11-2016;31.215;31.51
22-11-2016;31.395;31.68
21-11-2016;31.44;31.67
18-11-2016;31.49;31.515
17-11-2016;31.45;31.045
16-11-2016;31.06;31.225
15-11-2016;31.285;31.135
14-11-2016;30.905;30.875
11-11-2016;30.49;30.465
10-11-2016;30.485;31.4
09-11-2016;31.175;30.425
08-11-2016;31.175;31.095
07-11-2016;31.065;31.22
04-11-2016;30.76;31.09
03-11-2016;31.12;31.3
02-11-2016;31.29;31.485
01-11-2016;31.61;32.15
31-10-2016;31.845;32.07
28-10-2016;32.335;32.5
27-10-2016;32.65;32.765
26-10-2016;32.735;32.57
25-10-2016;32.57;32.865
24-10-2016;32.93;33.31
21-10-2016;33.225;32.91
20-10-2016;32.925;32.745
19-10-2016;32.6;32.385
18-10-2016;32.22;32.25
17-10-2016;32.04;32.175
14-10-2016;32.4;32.06
13-10-2016;31.975;32
12-10-2016;32.16;32.44
11-10-2016;32.345;32.65
10-10-2016;32.655;32.18
07-10-2016;32.055;32.72
06-10-2016;32.73;33
05-10-2016;32.855;32.6
04-10-2016;32.915;32.83
03-10-2016;32.765;32.88
30-09-2016;33;32.89
29-09-2016;33.125;33.305
28-09-2016;33.055;33.16
27-09-2016;32.98;33.045
26-09-2016;32.815;32.815
23-09-2016;32.96;33.295
22-09-2016;33.37;32.6
21-09-2016;32.165;33.155
20-09-2016;32.68;32.32
19-09-2016;32.39;32
16-09-2016;31.745;31.95
15-09-2016;31.925;31.76
14-09-2016;31.825;31.94
13-09-2016;31.62;32.1
12-09-2016;31.995;31.895
09-09-2016;32.255;32.645
08-09-2016;32.885;33.15
07-09-2016;33.105;32.5
06-09-2016;32.295;32.5
05-09-2016;32.395;32.45
02-09-2016;32.37;31.85
01-09-2016;31.81;31.9
31-08-2016;31.765;31.83
30-08-2016;31.875;31.765
29-08-2016;31.7;31.65
26-08-2016;31.83;31.78
25-08-2016;31.71;31.915
24-08-2016;32.07;31.68
23-08-2016;31.955;31.5
22-08-2016;31.145;31.285
19-08-2016;31.365;31.505
18-08-2016;31.42;31.04
17-08-2016;30.93;31.365
16-08-2016;31.195;31.935
15-08-2016;31.95;31.89
12-08-2016;31.93;31.98
11-08-2016;32;32
10-08-2016;31.815;31.865
09-08-2016;32.115;31.45
08-08-2016;31.625;32.06
05-08-2016;32.06;31.145
04-08-2016;30.845;30.65
03-08-2016;30.57;30.645
02-08-2016;30.61;31.17
01-08-2016;31.15;31.125
29-07-2016;30.94;30.685
28-07-2016;30.645;30.87
27-07-2016;30.875;30.905
26-07-2016;30.9;31
25-07-2016;30.98;30.94
22-07-2016;30.925;30.665
21-07-2016;30.755;30.965
20-07-2016;30.98;30.98
19-07-2016;30.72;30.74
18-07-2016;30.75;30.81
15-07-2016;30.725;30.875
14-07-2016;30.87;31.12
13-07-2016;30.93;30.77
12-07-2016;30.93;30.46
11-07-2016;30.4;30.015
08-07-2016;29.795;29.395
07-07-2016;29.5;29.71
06-07-2016;29.515;29.715
05-07-2016;29.81;29.88
04-07-2016;30.005;30.195
01-07-2016;29.985;30.13
30-06-2016;29.91;29.75
29-06-2016;29.81;29.2
28-06-2016;28.92;29.075
27-06-2016;28.415;28.825
24-06-2016;28.9;27.585
23-06-2016;31.01;30.735
22-06-2016;30.445;30.45
21-06-2016;30.37;30.075
20-06-2016;30.13;29.89
17-06-2016;29.265;29.77
16-06-2016;29.7;29.55
15-06-2016;29.52;28.63
14-06-2016;27.98;28.245
13-06-2016;28.485;28.525
10-06-2016;28.91;29.5
09-06-2016;29.555;29.6
08-06-2016;29.675;29.6
07-06-2016;29.745;29.81
06-06-2016;29.77;29.875
03-06-2016;29.9;30.305
02-06-2016;30.18;30.16
01-06-2016;30.21;30.36
31-05-2016;30.36;30.34
30-05-2016;30.235;30.065
27-05-2016;30.1;29.395
26-05-2016;29.57;29.235
25-05-2016;29.32;29.705
24-05-2016;29.505;28.67
23-05-2016;28.69;28.82
20-05-2016;28.8;28.37
19-05-2016;28.2;28.185
18-05-2016;28.37;27.75
17-05-2016;27.89;28.3
16-05-2016;28.075;27.9
13-05-2016;28.125;27.6
12-05-2016;27.815;27.935
11-05-2016;27.995;28.47
10-05-2016;28.54;28.43
09-05-2016;28.17;27.705
06-05-2016;27.53;27.595
05-05-2016;27.72;27.53
04-05-2016;27.47;27.78
03-05-2016;27.785;28.365
02-05-2016;28.49;28.235
29-04-2016;28.035;28.38
28-04-2016;28.645;28.795
27-04-2016;29.165;29.095
26-04-2016;28.975;29.395
25-04-2016;29.22;29.37
22-04-2016;29.5;29.46
21-04-2016;29.45;29.815
20-04-2016;29.795;29.47
19-04-2016;29.525;29.06
18-04-2016;28.9;28.495
15-04-2016;28.77;28.91
14-04-2016;28.905;29.045
13-04-2016;28.98;28.8
12-04-2016;28.735;28.505
11-04-2016;28.53;28.51
08-04-2016;28.57;28.545
07-04-2016;28.415;28.58
06-04-2016;28.63;28.51
05-04-2016;28.45;29.025
04-04-2016;29.295;29.055
01-04-2016;29.105;29.3
31-03-2016;29.565;29.86
30-03-2016;30.11;30.025
29-03-2016;29.78;29.78
24-03-2016;29.545;29.855
23-03-2016;30.145;30.06
22-03-2016;30.045;29.76
21-03-2016;29.875;29.755
18-03-2016;29.75;29.725
17-03-2016;29.79;30.16
16-03-2016;29.905;29.77
15-03-2016;29.675;29.765
14-03-2016;29.855;29.825
11-03-2016;29.61;30.23
10-03-2016;29.68;30.19
09-03-2016;29.92;29.7
08-03-2016;29.41;29.515
07-03-2016;29.695;29.45
04-03-2016;29.7;29.38
03-03-2016;29.33;29.615
02-03-2016;29.66;29.965
01-03-2016;29.785;28.8
29-02-2016;28.62;28.4
26-02-2016;28.505;28.375
25-02-2016;27.96;27.65
24-02-2016;27.195;28.005
23-02-2016;28.005;28.5
22-02-2016;28.585;28.47
19-02-2016;28.255;28.24
18-02-2016;28.21;28.25
17-02-2016;28.015;27.345
16-02-2016;27.22;27.745
15-02-2016;27.555;27.7
12-02-2016;27.11;26.92
11-02-2016;26.755;27.8
10-02-2016;28.085;27.69
09-02-2016;27.375;27.515
08-02-2016;27.555;28.395
05-02-2016;28.4;28.97
04-02-2016;28.93;29.465
03-02-2016;29.19;29.67
02-02-2016;29.84;30.4
01-02-2016;30.465;30.34
29-01-2016;30.185;29.88
28-01-2016;29.56;29.775
27-01-2016;30;29.345
26-01-2016;29.425;28.85
25-01-2016;29.29;29.655
22-01-2016;29.555;29.42
21-01-2016;28.83;28.4
20-01-2016;28.205;28.25
19-01-2016;29.035;28.895
18-01-2016;28.44;28.465
15-01-2016;28.54;29.205
14-01-2016;29.24;29.685
13-01-2016;30.005;30.515
12-01-2016;30.105;29.415
11-01-2016;29.435;29.415
08-01-2016;29.645;30.22
07-01-2016;30.07;29.5
06-01-2016;30.175;30.5
05-01-2016;30.37;30.75
04-01-2016;30.58;31.365
31-12-2015;31.69;32.105
30-12-2015;32.01;32.195
29-12-2015;32.255;31.79
28-12-2015;31.49;31.9
24-12-2015;31.79;31.945
23-12-2015;31.9;32
22-12-2015;31.64;31.845
21-12-2015;31.45;32
18-12-2015;32.215;32.845
17-12-2015;33.075;33.06
16-12-2015;32.29;32.635
15-12-2015;32.4;31.655
14-12-2015;31.42;32.105
11-12-2015;32.035;32.435
10-12-2015;32.105;32.545
09-12-2015;32.545;33.12
08-12-2015;32.915;33.71
07-12-2015;33.875;33.55
04-12-2015;33.25;33.2
03-12-2015;33.385;34.865
02-12-2015;34.585;34.185
01-12-2015;33.965;34.105
30-11-2015;34.06;33.42
27-11-2015;33.465;33.115
26-11-2015;33.28;33.09
25-11-2015;33.175;32.4
24-11-2015;32.3;33.065
23-11-2015;33.115;33
20-11-2015;33.125;32.895
19-11-2015;32.72;33.005
18-11-2015;32.655;33.2
17-11-2015;33.345;33.005
16-11-2015;32.705;32.17
13-11-2015;32.54;32.79
12-11-2015;32.945;33.425
11-11-2015;33.415;33.2
10-11-2015;33.17;33.04
09-11-2015;32.935;32.93
06-11-2015;32.935;34.235
05-11-2015;34.35;33.7
04-11-2015;33.71;33.905
03-11-2015;33.81;33.835
02-11-2015;34.095;33.78
30-10-2015;34.105;34.5
29-10-2015;34.285;34.165
28-10-2015;33.9;33.735
27-10-2015;33.51;33.645
26-10-2015;33.61;33.73
23-10-2015;33.755;32.97
22-10-2015;32.75;31.63
21-10-2015;31.755;31.49
20-10-2015;31.44;31.46
19-10-2015;31.385;31.06
16-10-2015;31.02;31.03
15-10-2015;30.82;30.765
14-10-2015;30.48;30.77
13-10-2015;30.9;31.29
12-10-2015;31.2;31.115
09-10-2015;31.125;31.51
08-10-2015;31.17;31.27
07-10-2015;31.315;32
06-10-2015;31.775;31.48
05-10-2015;31.395;30.775
02-10-2015;30.195;30.41
01-10-2015;30.155;30.215
30-09-2015;29.93;29.6
29-09-2015;28.935;28.82
28-09-2015;29.19;29.395
25-09-2015;29.5;28.84
24-09-2015;28.4;29.395
23-09-2015;29.3;29.29
22-09-2015;29.375;30.335
21-09-2015;30.275;29.89
18-09-2015;29.885;30.51
17-09-2015;30.74;30.47
16-09-2015;30.29;29.52
15-09-2015;28.6;28.5
14-09-2015;28.425;28.59
11-09-2015;28.51;29.02
10-09-2015;28.84;28.855
09-09-2015;29.125;29.43
08-09-2015;28.755;28.72
07-09-2015;28.515;28.71
04-09-2015;28.58;29.155
03-09-2015;29.475;29.175
02-09-2015;28.945;29.07
01-09-2015;28.985;29.28
31-08-2015;29.74;29.545
28-08-2015;29.87;29.85
27-08-2015;29.755;29.395
26-08-2015;28.705;28.9
25-08-2015;29.25;28.15
24-08-2015;27.81;28
21-08-2015;29.01;29.5
20-08-2015;30.025;30.635
19-08-2015;30.83;30.88
18-08-2015;31.165;31
17-08-2015;31.085;31.065
14-08-2015;30.735;30.875
13-08-2015;30.82;30.815
12-08-2015;30.265;31.225
11-08-2015;31.595;32.26
10-08-2015;32.45;32.165
07-08-2015;31.885;32.23
06-08-2015;32.275;32.15
05-08-2015;32.15;32.04
04-08-2015;31.87;31.8
03-08-2015;31.875;31.17
31-07-2015;31.175;30.785
30-07-2015;30.8;30.9
29-07-2015;30.76;30.62
28-07-2015;30.385;30.28
27-07-2015;30.22;30.47
24-07-2015;30.7;30.96
23-07-2015;30.92;31.255
22-07-2015;30.95;30.82
21-07-2015;30.96;31.14
20-07-2015;31.14;31.17
17-07-2015;31.09;31.3
16-07-2015;31.09;30.67
15-07-2015;30.48;30.49
14-07-2015;30.465;30.02
13-07-2015;30.095;30.07
10-07-2015;29.675;29.405
09-07-2015;28.6;28.085
08-07-2015;27.975;27.77
07-07-2015;27.85;28.325
06-07-2015;28.335;28.29
03-07-2015;28.835;29.015
02-07-2015;28.96;29.445
01-07-2015;29.36;29.495
30-06-2015;29.155;29.215
29-06-2015;29.425;28.56
26-06-2015;30.715;30.165
25-06-2015;30.385;30.5
24-06-2015;30.69;31.04
23-06-2015;30.955;30.955
22-06-2015;30.62;30.285
19-06-2015;29.465;29.27
18-06-2015;29.125;28.9
17-06-2015;28.935;29.185
16-06-2015;29.095;28.9
15-06-2015;29.06;29.14
12-06-2015;29.405;30.21
11-06-2015;30.23;29.88
10-06-2015;29.855;30
09-06-2015;29.995;29.65
08-06-2015;29.64;29.995
05-06-2015;30.005;30.145
04-06-2015;30.355;30.405
03-06-2015;30.575;30.845
02-06-2015;30.66;31
01-06-2015;30.805;30.44
29-05-2015;30.16;30.655
28-05-2015;30.735;30.77
27-05-2015;30.9;30.18
26-05-2015;30.07;29.905
25-05-2015;30.05;30.23
22-05-2015;30.475;30.415
21-05-2015;30.475;30.11
20-05-2015;30.22;29.835
19-05-2015;29.7;29.185
18-05-2015;29;28.68
15-05-2015;28.655;29.11
14-05-2015;28.945;28.56
13-05-2015;28.595;28.96
12-05-2015;28.795;28.74
11-05-2015;28.92;29.035
08-05-2015;29.045;28.4
07-05-2015;28.03;27.7
06-05-2015;27.855;27.56
05-05-2015;27.71;28.69
04-05-2015;28.605;28.665
30-04-2015;28.675;28.625
29-04-2015;28.71;29.595
28-04-2015;29.515;29.91
27-04-2015;29.925;29.295
24-04-2015;29.28;29.12
23-04-2015;29.075;29.1
22-04-2015;29.155;29.55
21-04-2015;29.49;29.385
20-04-2015;29.35;29.645
17-04-2015;29.425;30.255
16-04-2015;30.34;30.85
15-04-2015;30.91;30.85
14-04-2015;30.61;30.835
13-04-2015;30.975;30.915
10-04-2015;30.88;30.81
09-04-2015;30.685;30.575
08-04-2015;30.35;30.55
07-04-2015;30.535;30.565
02-04-2015;30.19;29.84
01-04-2015;29.705;29.865
31-03-2015;29.88;29.74
30-03-2015;29.82;29.715
27-03-2015;29.645;29.7
26-03-2015;29.615;29.475
25-03-2015;29.705;30.26
24-03-2015;30.245;30
23-03-2015;30.04;30.245
20-03-2015;30.21;29.79
19-03-2015;29.595;29.1
18-03-2015;29.15;28.745
17-03-2015;28.17;28.84
16-03-2015;28.81;28.425
13-03-2015;28.16;27.825
12-03-2015;27.625;27.81
11-03-2015;27.65;27.47
10-03-2015;27.36;27.785
09-03-2015;27.785;27.86
06-03-2015;28.06;27.95
05-03-2015;27.875;27.89
04-03-2015;27.77;28.1
03-03-2015;28.175;28.4
02-03-2015;28.395;28.005
27-02-2015;28.085;27.885
26-02-2015;28.04;27.8
25-02-2015;27.915;27.88
24-02-2015;28.145;27.935
23-02-2015;27.79;27.685
20-02-2015;27.3;27.495
19-02-2015;27.58;26.8
18-02-2015;26.89;26.52
17-02-2015;26.41;26.13
16-02-2015;26.385;26.605
13-02-2015;26.625;26.505
12-02-2015;26.32;25.8
11-02-2015;25.85;26.49
10-02-2015;26.41;25.705
09-02-2015;25.635;26.05
06-02-2015;26.22;26.355
05-02-2015;26.395;26.115
04-02-2015;26.47;26.54
03-02-2015;26.605;26.32
02-02-2015;26.12;26.245
30-01-2015;26.135;26.375
29-01-2015;26.285;26.13
28-01-2015;26.46;26.9
27-01-2015;26.615;26.9
26-01-2015;27.04;26.635
23-01-2015;26.6;26.25
22-01-2015;26.11;26
21-01-2015;25.965;25.515
20-01-2015;25.415;24.815
19-01-2015;24.75;24.665
16-01-2015;24.525;24.3
15-01-2015;24.43;24.875
14-01-2015;24.57;24.08
13-01-2015;24.33;23.59
12-01-2015;23.62;23.65
09-01-2015;23.47;23.9
08-01-2015;23.915;23.315
07-01-2015;22.96;22.825
06-01-2015;22.695;23.08
05-01-2015;22.98;23.49
02-01-2015;23.785;24
31-12-2014;23.705;23.845
30-12-2014;23.725;23.84
29-12-2014;23.85;23.82
24-12-2014;23.905;23.905
23-12-2014;23.905;23.825
22-12-2014;23.75;23.655
19-12-2014;23.64;23.875
18-12-2014;23.55;22.62
17-12-2014;22.285;22.235
16-12-2014;22.44;22.165
15-12-2014;22.08;22.54
12-12-2014;22.59;23.22
11-12-2014;23.295;22.95
10-12-2014;22.35;22.855
09-12-2014;22.63;23.16
08-12-2014;23.38;23.49
05-12-2014;23.58;23.39
04-12-2014;23.05;23.69
03-12-2014;23.575;23.445
02-12-2014;23.39;23.55
01-12-2014;23.385;23.19
28-11-2014;23.415;23.225
27-11-2014;23.265;23.19
26-11-2014;23.125;23.305
25-11-2014;23.245;23.345
24-11-2014;23.345;23.165
21-11-2014;23.135;22.52
20-11-2014;22.48;22.68
19-11-2014;22.8;23.035
18-11-2014;23.04;22.465
17-11-2014;22.49;21.815
14-11-2014;22.045;22.28
13-11-2014;22.225;22.195
12-11-2014;22.085;22.275
11-11-2014;22.335;22.285
10-11-2014;22.13;21.605
07-11-2014;21.64;21.96
06-11-2014;21.87;21.815
05-11-2014;21.835;21.53
04-11-2014;21.405;21.9
03-11-2014;21.9;22.245
31-10-2014;22.415;22.15
30-10-2014;21.805;21.845
29-10-2014;21.76;21.85
28-10-2014;21.76;21.345
27-10-2014;21.145;21.625
24-10-2014;21.315;21.27
23-10-2014;21.28;21.035
22-10-2014;21.125;21.085
21-10-2014;21.035;20.525
20-10-2014;20.54;20.565
17-10-2014;20.67;19.93
16-10-2014;19.89;20.265
15-10-2014;20.065;20.62
14-10-2014;20.66;20.5
13-10-2014;20.65;20.575
10-10-2014;20.76;20.845
09-10-2014;20.92;21.155
08-10-2014;21.015;21.29
07-10-2014;21.345;21.75
06-10-2014;21.775;21.63
03-10-2014;21.4;21.2
02-10-2014;20.945;21.625
01-10-2014;21.59;21.82
30-09-2014;21.875;21.49
29-09-2014;21.53;21.775
26-09-2014;21.87;21.88
25-09-2014;21.895;22.26
24-09-2014;22.24;22.1
23-09-2014;22.025;22.525
22-09-2014;22.54;22.5
19-09-2014;22.59;22.95
18-09-2014;22.7;22.765
17-09-2014;22.82;23.6
16-09-2014;23.31;23.445
15-09-2014;23.505;23.175
12-09-2014;23.18;22.85
11-09-2014;23.025;23.3
10-09-2014;23.06;22.855
09-09-2014;22.855;22.855
08-09-2014;22.965;23.255
05-09-2014;23.18;22.86
04-09-2014;22.8;22.285
03-09-2014;22.485;22.49
02-09-2014;22.325;22.25
01-09-2014;22.2;22.06
29-08-2014;22.05;22.18
28-08-2014;22.11;22.195
27-08-2014;22.315;22.345
26-08-2014;22.39;21.945
25-08-2014;21.975;22
22-08-2014;21.72;22.16
21-08-2014;22.125;21.86
20-08-2014;21.86;21.815
19-08-2014;21.805;21.765
18-08-2014;21.7;21.645
15-08-2014;21.41;21.575
14-08-2014;21.49;21.35
13-08-2014;21.47;21.67
12-08-2014;21.495;21.23
11-08-2014;21.2;21.13
08-08-2014;20.89;20.735
07-08-2014;20.9;21.07
06-08-2014;21.125;21.125
05-08-2014;21.225;21.38
04-08-2014;21.25;21.485
01-08-2014;21.385;21.915
31-07-2014;22.21;22.505
30-07-2014;22.34;22.28
29-07-2014;22.285;22.515
28-07-2014;22.485;22.77
25-07-2014;22.29;22.19
24-07-2014;22.22;22.03
23-07-2014;22;21.83
22-07-2014;21.93;21.9
21-07-2014;21.82;21.98
18-07-2014;21.98;22
17-07-2014;22.09;22.25
16-07-2014;22.29;22.04
15-07-2014;21.93;22.1
14-07-2014;22.11;22.1
11-07-2014;22.09;22.27
10-07-2014;22.21;22.43
09-07-2014;22.42;22.52
08-07-2014;22.35;22.58
07-07-2014;22.62;22.82
04-07-2014;22.89;22.95
03-07-2014;22.92;22.34
02-07-2014;22.42;22.45
01-07-2014;22.49;22.52
30-06-2014;22.48;22.43
27-06-2014;22.46;22.59
26-06-2014;22.47;22.4
25-06-2014;22.34;22.4
24-06-2014;22.5;22.5
23-06-2014;22.5;22.49
20-06-2014;22.5;22.54
19-06-2014;22.6;22.48
18-06-2014;22.24;22.15
17-06-2014;22.13;22.08
16-06-2014;22.06;22.11
13-06-2014;22.25;22.24
12-06-2014;22.25;22.51
11-06-2014;22.3;22.16
10-06-2014;22.05;21.7
09-06-2014;21.75;21.5
06-06-2014;21.5;21.25
05-06-2014;21.28;21.05
04-06-2014;21.11;21.26
03-06-2014;21.27;21.3
02-06-2014;21.22;21.3
30-05-2014;21.3;21.2
29-05-2014;21.33;21.23
28-05-2014;21.33;21.16
27-05-2014;21.21;21.17
26-05-2014;21.24;20.99
23-05-2014;20.96;21.01
22-05-2014;21;20.88
21-05-2014;20.87;20.6
20-05-2014;20.73;21
19-05-2014;21.09;21.51
16-05-2014;21.46;21.26
15-05-2014;21.27;21.61
14-05-2014;21.56;21.5
13-05-2014;21.51;21.57
12-05-2014;21.54;21.42
09-05-2014;21.41;21.36
08-05-2014;21.35;21.12
07-05-2014;21.11;20.99
06-05-2014;21.09;21.21
05-05-2014;21.22;21.32
02-05-2014;21.29;21.5
30-04-2014;21.63;21.49
29-04-2014;21.56;21.55
28-04-2014;21.54;21.6
25-04-2014;21.41;21.42
24-04-2014;21.53;21.58
23-04-2014;21.45;21.44
22-04-2014;21.48;21.39
17-04-2014;21.23;21.22
16-04-2014;21.24;21.43
15-04-2014;21.18;21.24
14-04-2014;21.23;20.93
11-04-2014;21.07;21.34
10-04-2014;21.6;21.76
09-04-2014;21.78;21.9
08-04-2014;21.9;22.23
07-04-2014;22.26;22.62
04-04-2014;22.71;22.49
03-04-2014;22.42;22.17
02-04-2014;22.04;22
01-04-2014;21.94;21.85
31-03-2014;21.78;22.11
28-03-2014;22;22.23
27-03-2014;22.08;22.07
26-03-2014;22.06;22.02
25-03-2014;21.96;21.77
24-03-2014;21.6;21.71
21-03-2014;21.65;21.51
20-03-2014;21.42;21.34
19-03-2014;21.62;21.26
18-03-2014;20.62;20.67
17-03-2014;20.67;20.36
14-03-2014;20.33;20.33
13-03-2014;20.42;20.71
12-03-2014;20.67;20.86
11-03-2014;20.95;21.07
10-03-2014;20.97;20.93
07-03-2014;21.14;21.48
06-03-2014;21.39;21.21
05-03-2014;21.21;21.06
04-03-2014;21.14;20.85
03-03-2014;20.63;20.45
28-02-2014;20.86;20.78
27-02-2014;20.7;20.65
26-02-2014;21.01;21.11
25-02-2014;21.11;21.2
24-02-2014;21.23;21.09
21-02-2014;21.2;21.26
20-02-2014;21.14;20.74
19-02-2014;20.93;20.99
18-02-2014;21.03;21.34
17-02-2014;21.91;22.2
14-02-2014;22.27;22.18
13-02-2014;22.17;22.16
12-02-2014;22.23;22.25
11-02-2014;22.17;22.18
10-02-2014;22;22.43
07-02-2014;22.3;22.07
06-02-2014;21.93;21.78
05-02-2014;21.6;21.52
04-02-2014;21.58;21.63
03-02-2014;21.64;22.2
31-01-2014;22.14;22.21
30-01-2014;22.27;22.47
29-01-2014;22.44;22.33
28-01-2014;22.27;22.48
27-01-2014;22.24;22.8
24-01-2014;22.63;23.36
23-01-2014;23.33;23.38
22-01-2014;23.77;24.12
21-01-2014;23.98;24
20-01-2014;23.98;23.71
17-01-2014;23.78;23.97
16-01-2014;23.9;23.97
15-01-2014;23.91;23.78
14-01-2014;23.7;23.44
13-01-2014;23.58;23.64
10-01-2014;23.7;23.85
09-01-2014;23.67;23.71
08-01-2014;23.73;23.89
07-01-2014;23.89;23.63
06-01-2014;23.66;23.66
03-01-2014;23.78;23.72
02-01-2014;23.72;23.9
31-12-2013;23.96;23.88
30-12-2013;23.81;23.88
27-12-2013;23.8;23.58
24-12-2013;23.57;23.38
23-12-2013;23.37;23.35
20-12-2013;23.2;23.19
19-12-2013;23.17;22.73
18-12-2013;22.6;22.57
17-12-2013;22.42;22.48
16-12-2013;22.65;22.2
13-12-2013;22.19;22.11
12-12-2013;22.18;22.5
11-12-2013;22.59;23.15
10-12-2013;22.85;23.2
09-12-2013;23.19;22.72
06-12-2013;22.73;22.85
05-12-2013;22.83;23.04
04-12-2013;23.15;23.03
03-12-2013;23.02;23.27
02-12-2013;23.2;23.53
29-11-2013;23.47;23.43
28-11-2013;23.4;23.34
27-11-2013;23.18;23.2
26-11-2013;23.12;23.18
25-11-2013;23.1;23.19
22-11-2013;23.13;22.96
21-11-2013;23;22.92
20-11-2013;23.08;23
19-11-2013;23.15;23.5
18-11-2013;23.66;23.58
15-11-2013;23.56;23.69
14-11-2013;23.7;23.44
13-11-2013;23.17;23
12-11-2013;23.11;23.21
11-11-2013;23.29;23.24
08-11-2013;23.23;23.25
07-11-2013;23.4;23.92
06-11-2013;23.9;23.82
05-11-2013;23.71;23.91
04-11-2013;23.78;23.76
01-11-2013;23.9;24.2
31-10-2013;24.2;23.88
30-10-2013;23.9;23.93
29-10-2013;23.93;23.73
28-10-2013;23.85;23.71
25-10-2013;23.67;23.53
24-10-2013;23.56;23.57
23-10-2013;23.48;23.49
22-10-2013;23.55;23.52
21-10-2013;23.53;23.7
18-10-2013;23.67;23.3
17-10-2013;23.2;23.01
16-10-2013;22.96;22.86
15-10-2013;22.98;22.87
14-10-2013;22.8;22.81
11-10-2013;22.91;22.92
10-10-2013;22.82;22.72
09-10-2013;22.6;22.35
08-10-2013;22.27;22.39
07-10-2013;22.36;22.44
04-10-2013;22.57;22.58
03-10-2013;22.6;22.6
02-10-2013;22.6;22.8
01-10-2013;22.87;22.76
30-09-2013;22.78;22.48
27-09-2013;22.74;22.93
26-09-2013;22.84;22.91
25-09-2013;22.9;22.69
24-09-2013;22.65;22.7
23-09-2013;22.61;22.48
20-09-2013;22.48;22.61
19-09-2013;22.67;22.59
18-09-2013;22.22;22.4
17-09-2013;22.04;22.05
16-09-2013;22.13;22.25
13-09-2013;22;21.64
12-09-2013;21.52;21.41
11-09-2013;21.41;21.53
10-09-2013;21.62;21.24
09-09-2013;21.11;21.12
06-09-2013;21.11;20.77
05-09-2013;20.76;20.83
04-09-2013;20.9;20.69
03-09-2013;20.57;20.4
02-09-2013;20.4;20.21
30-08-2013;20.03;20.06
29-08-2013;20.13;20.05
28-08-2013;19.956;20.04
27-08-2013;20.08;20.35
26-08-2013;20.6;20.35
23-08-2013;20.47;20.67
22-08-2013;20.7;20.17
21-08-2013;20.08;20.27
20-08-2013;20.22;20.5
19-08-2013;20.54;20.56
16-08-2013;20.55;20.84
15-08-2013;20.78;20.7
14-08-2013;20.75;20.78
13-08-2013;20.79;20.81
12-08-2013;20.69;20.65
09-08-2013;20.64;20.7
08-08-2013;20.69;20.81
07-08-2013;20.75;20.8
06-08-2013;20.75;20.6
05-08-2013;20.53;20.65
02-08-2013;20.58;20.46
01-08-2013;20.37;20.19
31-07-2013;20.04;20.59
30-07-2013;20.59;20.4
29-07-2013;20.3;20.15
26-07-2013;19.97;19.918
25-07-2013;19.84;19.69
24-07-2013;19.776;19.6
23-07-2013;19.546;19.568
22-07-2013;19.568;19.68
19-07-2013;19.606;19.702
18-07-2013;19.718;19.542
17-07-2013;19.604;19.628
16-07-2013;19.512;19.812
15-07-2013;19.832;19.618
12-07-2013;19.5;19.994
11-07-2013;19.966;19.92
10-07-2013;19.72;19.422
09-07-2013;19.48;19.77
08-07-2013;19.74;19.474
05-07-2013;19.378;19.772
04-07-2013;19.76;19.352
03-07-2013;19.192;19.036
02-07-2013;19.232;19.482
01-07-2013;19.518;19.144
28-06-2013;18.968;19.266
27-06-2013;19.252;19.2
26-06-2013;19.2;19.07
25-06-2013;18.842;18.546
24-06-2013;18.35;18.452
21-06-2013;18.544;19.128
20-06-2013;19.06;19.302
19-06-2013;19.566;19.632
18-06-2013;19.544;19.534
17-06-2013;19.54;19.5
14-06-2013;19.53;19.64
13-06-2013;19.898;20.24
12-06-2013;20.26;19.28
11-06-2013;19.568;19.82
10-06-2013;20;20.08
07-06-2013;20.01;19.7
06-06-2013;19.698;19.94
05-06-2013;19.822;19.384
04-06-2013;19.584;19.6
03-06-2013;19.444;19.12
31-05-2013;19.164;19.628
30-05-2013;19.66;19.5
29-05-2013;19.458;19.63
28-05-2013;19.722;19.63
27-05-2013;19.666;19.66
24-05-2013;19.55;19.9
23-05-2013;19.81;19.7
22-05-2013;20.18;20.37
21-05-2013;20.36;20.34
20-05-2013;20.41;20.86
17-05-2013;20.94;20.65
16-05-2013;20.56;21.14
15-05-2013;21.1;20.87
14-05-2013;20.87;20.73
13-05-2013;20.67;20.69
10-05-2013;20.6;20.52
09-05-2013;20.4;20.58
08-05-2013;20.75;20.36
07-05-2013;20.31;20.71
06-05-2013;20.56;20.68
03-05-2013;20.68;20.31
02-05-2013;20.12;20.2
30-04-2013;20.41;20.5
29-04-2013;20.45;20.36
26-04-2013;20.25;20.11
25-04-2013;20.23;20.2
24-04-2013;20.11;19.874
23-04-2013;19.914;19.484
22-04-2013;19.404;19.686
19-04-2013;19.394;18.724
18-04-2013;18.57;18.868
17-04-2013;18.898;19.814
16-04-2013;19.702;20.04
15-04-2013;20.15;20.12
12-04-2013;20.23;20.11
11-04-2013;20.13;19.966
10-04-2013;19.964;19.98
09-04-2013;19.95;20.24
08-04-2013;20.19;20.18
05-04-2013;20.21;20.57
04-04-2013;20.54;21.03
03-04-2013;20.93;20.87
02-04-2013;20.86;20.55
28-03-2013;20.68;20.32
27-03-2013;20.22;20.43
26-03-2013;20.32;20.13
25-03-2013;20.18;20.35
22-03-2013;20.21;20.22
21-03-2013;20.23;20.62
20-03-2013;20.62;20.56
19-03-2013;20.36;20.6
18-03-2013;20.63;20.2
15-03-2013;20.46;20.54
14-03-2013;20.77;21.02
13-03-2013;21.13;21.2
12-03-2013;21.69;21.3
11-03-2013;21.42;21.71
08-03-2013;21.71;21.31
07-03-2013;21.32;21.26
06-03-2013;21.22;21.6
05-03-2013;21.52;20.99
04-03-2013;20.8;20.7
01-03-2013;20.87;20.66
28-02-2013;20.53;20.27
27-02-2013;20.26;20.09
26-02-2013;20.21;19.8
25-02-2013;20.72;20.91
22-02-2013;20.44;20.01
21-02-2013;19.946;20.12
20-02-2013;20.13;20.52
19-02-2013;20.49;20.4
18-02-2013;20.47;20.6
15-02-2013;20.7;20.72
14-02-2013;20.77;20.97
13-02-2013;21.08;21.12
12-02-2013;21.11;20.43
11-02-2013;20.42;20.76
08-02-2013;20.84;20.6
07-02-2013;20.61;20.75
06-02-2013;20.7;20.91
05-02-2013;20.82;20.06
04-02-2013;20.18;20.2
01-02-2013;20.25;20.64
31-01-2013;20.64;21.13
30-01-2013;21.13;20.69
29-01-2013;20.62;21.05
28-01-2013;21.01;21.6
25-01-2013;21.47;21.41
24-01-2013;21.49;21.48
23-01-2013;21.48;21.45
22-01-2013;21.5;21.26
21-01-2013;21.23;21.25
18-01-2013;21.13;21.16
17-01-2013;21.09;20.92
16-01-2013;20.89;21.19
15-01-2013;20.94;20.76
14-01-2013;20.85;21.16
11-01-2013;21.11;21.03
10-01-2013;21.08;21.06
09-01-2013;21.11;21.2
08-01-2013;21.12;20.67
07-01-2013;20.66;21.3
04-01-2013;21.32;21.52
03-01-2013;21.5;21.9
02-01-2013;21.86;21.96
31-12-2012;21.1;21.1
28-12-2012;20.87;21.57
27-12-2012;21.59;21.64
24-12-2012;21.53;21.4
21-12-2012;21.14;21.5
20-12-2012;21.57;21.69
19-12-2012;21.69;21.64
18-12-2012;21.65;21.22
17-12-2012;21.13;20.64
14-12-2012;20.7;20.72
13-12-2012;20.64;20.96
12-12-2012;20.77;20.54
11-12-2012;20.72;20.1
10-12-2012;20.16;20.14
07-12-2012;20.16;20.12
06-12-2012;19.984;19.864
05-12-2012;19.734;20.29
04-12-2012;20.15;20.71
03-12-2012;20.74;21.04
30-11-2012;21.08;21.19
29-11-2012;21.13;20.91
28-11-2012;20.79;20.51
27-11-2012;20.5;20.85
26-11-2012;20.6;20.41
23-11-2012;20.49;20.6
22-11-2012;20.6;20.34
21-11-2012;20.23;20.21
20-11-2012;20.3;20.22
19-11-2012;20.29;19.868
16-11-2012;19.7;20.12
15-11-2012;19.926;19.9
14-11-2012;19.96;20.1
13-11-2012;19.98;19.722
12-11-2012;19.73;20
09-11-2012;20;19.404
08-11-2012;19.436;19.65
07-11-2012;19.57;20.04
06-11-2012;19.976;20
05-11-2012;20;20.26
02-11-2012;20.48;20
01-11-2012;19.89;19.796
31-10-2012;19.688;19.72
30-10-2012;19.704;19.586
29-10-2012;19.51;19.376
26-10-2012;19.464;19.296
25-10-2012;19.386;19.18
24-10-2012;19.18;19.222
23-10-2012;19.13;19.618
22-10-2012;19.52;19.548
19-10-2012;19.482;19.892
18-10-2012;19.942;19.98
17-10-2012;19.826;19.832
16-10-2012;19.7;19.606
15-10-2012;19.34;19.46
12-10-2012;19.458;19.552
11-10-2012;19.6;19.634
10-10-2012;19.724;19.802
09-10-2012;19.802;20.2
08-10-2012;20.13;20.19
05-10-2012;19.992;19.96
04-10-2012;19.87;19.472
03-10-2012;19.354;19.498
02-10-2012;19.63;19.548
01-10-2012;19.594;19.316
28-09-2012;19.326;19.4
27-09-2012;19.228;19.79
26-09-2012;19.78;19.842
25-09-2012;19.94;19.66
24-09-2012;19.52;19.634
21-09-2012;19.876;19.558
20-09-2012;19.116;19
19-09-2012;19.062;19.08
18-09-2012;18.388;18.3
17-09-2012;18.27;17.764
14-09-2012;17.898;17.786
13-09-2012;17.438;17.36
12-09-2012;17.34;18
11-09-2012;17.88;17.89
10-09-2012;17.8;17.908
07-09-2012;17.826;18.8
06-09-2012;19.114;18.198
05-09-2012;18.136;17.8
04-09-2012;17.79;18.194
03-09-2012;17.87;18.066
31-08-2012;17.682;17.324
30-08-2012;17.324;17.38
29-08-2012;17.418;17.482
28-08-2012;17.414;17.764
27-08-2012;17.694;17.45
24-08-2012;17.436;17.152
23-08-2012;17.228;17.52
22-08-2012;17.406;17.898
21-08-2012;17.894;17.364
20-08-2012;17.242;17.546
17-08-2012;17.412;17.38
16-08-2012;17.3;17.06
15-08-2012;17.026;17.094
14-08-2012;17.094;17.462
13-08-2012;17.294;17.598
10-08-2012;17.188;17.4
09-08-2012;17.5;17.802
08-08-2012;17.7;18.114
07-08-2012;18.12;17.844
06-08-2012;17.796;17.294
03-08-2012;17.142;16.258
02-08-2012;16.258;16.526
01-08-2012;16.606;16.98
31-07-2012;16.766;17.326
30-07-2012;17.31;16.734
27-07-2012;16.62;16.534
26-07-2012;16.368;16.334
25-07-2012;16.018;15.6
24-07-2012;15.58;16.026
23-07-2012;15.928;15.864
20-07-2012;16.014;16.516
19-07-2012;16.598;16.314
18-07-2012;16.298;16.2
17-07-2012;16.284;16.15
16-07-2012;16.102;16.04
13-07-2012;16.158;15.89
12-07-2012;15.9;16.012
11-07-2012;16.16;15.87
10-07-2012;15.988;15.878
09-07-2012;15.788;15.94
06-07-2012;15.934;16.09
05-07-2012;16.082;16.4
04-07-2012;16.362;16.53
03-07-2012;16.486;16.456
02-07-2012;16.272;16.372
29-06-2012;16.306;15.93
28-06-2012;15.634;15.698
27-06-2012;15.692;15.648
26-06-2012;15.53;15.35
25-06-2012;15.442;15.392
22-06-2012;15.378;15.338
21-06-2012;15.454;15.448
20-06-2012;15.556;15.56
19-06-2012;15.6;15.174
18-06-2012;15.126;15.292
15-06-2012;15.22;15.344
14-06-2012;15.328;15.038
13-06-2012;15.08;14.4
12-06-2012;13.516;13.552
11-06-2012;13.476;14
08-06-2012;13.48;13.4
07-06-2012;13.47;13.332
06-06-2012;13.312;13.186
05-06-2012;13.066;13.126
04-06-2012;13.004;12.894
01-06-2012;13.004;13.368
31-05-2012;13.276;13.332
30-05-2012;13.35;13.644
29-05-2012;13.816;13.896
28-05-2012;13.8;13.9
25-05-2012;13.812;13.75
24-05-2012;13.76;13.656
23-05-2012;13.558;13.516
22-05-2012;13.68;13.44
21-05-2012;13.298;13.394
18-05-2012;13.432;13.42
17-05-2012;13.5;13.526
16-05-2012;13.52;13.604
15-05-2012;13.788;13.68
14-05-2012;13.494;13.584
11-05-2012;13.736;13.562
10-05-2012;13.548;13.542
09-05-2012;13.512;13.522
08-05-2012;13.506;13.604
07-05-2012;13.6;13.43
04-05-2012;13.492;13.828
03-05-2012;13.814;13.672
02-05-2012;13.51;13.8
30-04-2012;13.59;13.728
27-04-2012;13.672;13.526
26-04-2012;13.64;13.528
25-04-2012;13.528;13.742
24-04-2012;13.726;13.754
23-04-2012;13.65;13.82
20-04-2012;13.94;13.764
19-04-2012;13.762;13.934
18-04-2012;13.864;14.266
17-04-2012;14.27;13.958
16-04-2012;13.948;13.738
13-04-2012;13.762;14.054
12-04-2012;14.164;14.144
11-04-2012;13.978;13.874
10-04-2012;13.908;14.228
05-04-2012;14.328;14.28
04-04-2012;14.24;14.56
03-04-2012;14.6;14.946
02-04-2012;14.702;14.48
30-03-2012;14.364;14.19
29-03-2012;14.174;14.23
28-03-2012;14.414;14.394
27-03-2012;14.382;14.58
26-03-2012;14.416;14.328
23-03-2012;14.3;14.48
22-03-2012;14.318;14.2
21-03-2012;14.44;14.454
20-03-2012;14.348;14.45
19-03-2012;14.306;14.3
16-03-2012;14.26;14.1
15-03-2012;14.024;14.014
14-03-2012;13.956;13.752
13-03-2012;13.788;13.686
12-03-2012;13.6;13.546
09-03-2012;13.522;13.54
08-03-2012;13.57;13.55
07-03-2012;13.394;13.21
06-03-2012;13.324;13.724
05-03-2012;13.728;13.806
02-03-2012;13.866;13.844
01-03-2012;13.814;13.886
29-02-2012;13.862;13.9
28-02-2012;13.9;13.846
27-02-2012;13.81;13.734
24-02-2012;13.806;13.902
23-02-2012;13.852;13.786
22-02-2012;13.754;13.73
21-02-2012;13.754;13.88
20-02-2012;13.866;13.682
17-02-2012;13.642;13.58
16-02-2012;13.546;13.63
15-02-2012;13.654;13.636
14-02-2012;13.624;13.606
13-02-2012;13.606;13.672
10-02-2012;13.714;13.528
09-02-2012;13.548;13.56
08-02-2012;13.516;13.482
07-02-2012;13.484;13.582
06-02-2012;13.49;13.688
03-02-2012;13.646;13.62
02-02-2012;13.71;13.648
01-02-2012;13.576;13.424
31-01-2012;13.34;13.39
30-01-2012;13.414;13.332
27-01-2012;13.422;13.67
26-01-2012;13.676;13.5
25-01-2012;13.414;13.496
24-01-2012;13.454;13.438
23-01-2012;13.438;13.354
20-01-2012;13.386;13.322
19-01-2012;13.234;13.36
18-01-2012;13.3;13.28
17-01-2012;13.19;13.186
16-01-2012;13.012;12.846
13-01-2012;12.91;13.06
12-01-2012;12.946;13.154
11-01-2012;13.084;13.16
10-01-2012;13.09;12.92
09-01-2012;12.796;12.66
06-01-2012;12.61;12.588
05-01-2012;12.584;12.836
04-01-2012;12.82;12.78
03-01-2012;12.78;12.9
02-01-2012;12.848;12.682
30-12-2011;12.656;12.674
29-12-2011;12.626;12.498
28-12-2011;12.466;12.66
27-12-2011;12.62;12.702
23-12-2011;12.62;12.57
22-12-2011;12.48;12.452
21-12-2011;12.428;12.634
20-12-2011;12.548;12.466
19-12-2011;12.5;12.4
16-12-2011;12.452;12.908
15-12-2011;12.842;12.63
14-12-2011;12.55;12.52
13-12-2011;12.34;12.624
12-12-2011;12.508;12.642
09-12-2011;12.68;12.334
08-12-2011;12.4;12.69
07-12-2011;12.65;12.826
06-12-2011;12.714;12.7
05-12-2011;12.65;12.814
02-12-2011;12.71;12.794
01-12-2011;12.73;12.606
30-11-2011;12.606;11.988
29-11-2011;12.058;12.05
28-11-2011;12.242;12.108
25-11-2011;12;12.158
24-11-2011;12.246;12.44
23-11-2011;12.39;12.714
22-11-2011;12.832;12.806
21-11-2011;12.72;12.974
18-11-2011;13.048;13.05
17-11-2011;13.086;12.902
16-11-2011;12.99;13.016
15-11-2011;13.062;12.976
14-11-2011;13.094;13.232
11-11-2011;13.16;12.844
10-11-2011;12.71;12.64
09-11-2011;12.848;13.086
08-11-2011;12.956;12.87
07-11-2011;12.91;12.782
04-11-2011;12.978;13.058
03-11-2011;12.866;12.316
02-11-2011;12.52;12.8
01-11-2011;12.788;12.948
31-10-2011;13.152;13.36
28-10-2011;13.452;13.742
27-10-2011;13.66;13.822
26-10-2011;13.58;13.568
25-10-2011;13.608;13.674
24-10-2011;13.674;13.696
21-10-2011;13.7;13.434
20-10-2011;13.384;13.004
19-10-2011;13.1;13.496
18-10-2011;13.276;13.406
17-10-2011;13.516;13.526
14-10-2011;13.442;13.46
13-10-2011;13.46;13.104
12-10-2011;13.194;13.164
11-10-2011;13.244;12.986
10-10-2011;12.996;12.96
07-10-2011;12.778;12.646
06-10-2011;12.618;12
05-10-2011;12.504;12.476
04-10-2011;12.184;12.48
03-10-2011;12.566;12.614
30-09-2011;12.872;12.942
29-09-2011;13.054;12.982
28-09-2011;12.886;12.966
27-09-2011;13.098;13.32
26-09-2011;13.04;12.528
23-09-2011;12.702;12.61
22-09-2011;12.454;12.36
21-09-2011;12.73;12.856
20-09-2011;12.61;12.242
19-09-2011;12.27;12.2
16-09-2011;12.596;12.36
15-09-2011;12.36;12.18
14-09-2011;12.104;11.616
13-09-2011;11.722;11.896
12-09-2011;11.734;11.422
09-09-2011;11.768;11.8
08-09-2011;11.92;11.836
07-09-2011;11.816;11.7
06-09-2011;11.426;11.5
05-09-2011;11.578;11.748
02-09-2011;11.916;11.924
01-09-2011;12.06;11.966
31-08-2011;11.86;11.524
30-08-2011;11.384;11.3
29-08-2011;11.154;11.146
26-08-2011;10.966;11.152
25-08-2011;11.138;11.3
24-08-2011;11.188;11.14
23-08-2011;11.138;11.296
22-08-2011;11.236;10.996
19-08-2011;11.092;11.47
18-08-2011;11.52;11.952
17-08-2011;12.03;11.794
16-08-2011;11.802;11.862
15-08-2011;11.836;11.87
12-08-2011;11.784;11.582
11-08-2011;11.54;11.348
10-08-2011;11.104;11.476
09-08-2011;11.254;11.126
08-08-2011;11.122;11.4
05-08-2011;11.458;11.1
04-08-2011;11.532;12.22
03-08-2011;12.02;12
02-08-2011;12.122;12.33
01-08-2011;12.492;12.69
29-07-2011;12.628;12.504
28-07-2011;12.67;12.63
27-07-2011;12.784;12.728
26-07-2011;12.832;12.91
25-07-2011;12.898;12.88
22-07-2011;12.834;12.776
21-07-2011;12.69;12.8
20-07-2011;12.7;12.486
19-07-2011;12.364;12.61
18-07-2011;12.424;12.32
15-07-2011;12.378;12.418
14-07-2011;12.372;12.342
13-07-2011;12.456;12.258
12-07-2011;12.35;12.44
11-07-2011;12.564;12.79
08-07-2011;12.86;12.8
07-07-2011;12.714;12.742
06-07-2011;12.722;12.86
05-07-2011;12.784;12.9
04-07-2011;12.848;12.522
01-07-2011;12.476;12.568
30-06-2011;12.61;12.55
29-06-2011;12.55;12.526
28-06-2011;12.51;12.508
27-06-2011;12.516;12.29
24-06-2011;12.38;12.58
23-06-2011;12.462;12.41
22-06-2011;12.51;12.43
21-06-2011;12.434;12.076
20-06-2011;12.064;12.072
17-06-2011;12.116;12.062
16-06-2011;12.126;12.014
15-06-2011;12.154;12.392
14-06-2011;12.35;12.26
13-06-2011;12.222;12.176
10-06-2011;12.062;12.128
09-06-2011;12.166;12.088
08-06-2011;12.15;12.236
07-06-2011;12.306;12.29
06-06-2011;12.33;12.6
03-06-2011;12.426;12.384
02-06-2011;12.338;12.33
01-06-2011;12.508;12.676
31-05-2011;12.634;12.62
30-05-2011;12.57;12.456
27-05-2011;12.52;12.606
26-05-2011;12.538;12.596
25-05-2011;12.45;12.058
24-05-2011;12.12;12.102
23-05-2011;12.176;12.084
20-05-2011;12.22;12.39
19-05-2011;12.518;12.362
18-05-2011;12.336;12.46
17-05-2011;12.348;12.392
16-05-2011;12.4;12.154
13-05-2011;12.34;12.4
12-05-2011;12.282;12.23
11-05-2011;12.336;12.098
10-05-2011;12.056;11.95
09-05-2011;12.006;12.24
06-05-2011;12.356;12.2
05-05-2011;12.2;12.156
04-05-2011;12.188;12.2
03-05-2011;12.048;12.042
02-05-2011;12.042;12.11
29-04-2011;12.108;12.07
28-04-2011;12.078;12.012
27-04-2011;11.94;12.018
26-04-2011;12.016;11.926
21-04-2011;11.928;11.946
20-04-2011;11.948;11.77
19-04-2011;11.74;11.602
18-04-2011;11.632;11.816
15-04-2011;11.858;11.676
14-04-2011;11.682;11.698
13-04-2011;11.758;11.7
12-04-2011;11.79;11.686
11-04-2011;11.728;11.762
08-04-2011;11.77;11.784
07-04-2011;11.75;11.95
06-04-2011;11.904;11.886
05-04-2011;11.764;11.744
04-04-2011;11.71;11.54
01-04-2011;11.514;11.336
31-03-2011;11.324;11.4
30-03-2011;11.418;11.6
29-03-2011;11.508;11.36
28-03-2011;11.36;11.356
25-03-2011;11.356;11.558
24-03-2011;11.546;11.5
23-03-2011;11.45;11.1
22-03-2011;10.8;10.65
21-03-2011;10.678;10.634
18-03-2011;10.53;10.35
17-03-2011;10.316;10.306
16-03-2011;10.25;10.3
15-03-2011;10.38;10.374
14-03-2011;10.448;10.456
11-03-2011;10.534;10.538
10-03-2011;10.6;10.404
09-03-2011;10.452;10.466
08-03-2011;10.522;10.622
07-03-2011;10.66;10.466
04-03-2011;10.454;10.396
03-03-2011;10.388;10.342
02-03-2011;10.368;10.45
01-03-2011;10.474;10.46
28-02-2011;10.492;10.648
25-02-2011;10.654;10.63
24-02-2011;10.63;10.6
23-02-2011;10.652;10.708
22-02-2011;10.716;10.68
21-02-2011;10.764;10.88
18-02-2011;10.898;10.98
17-02-2011;10.958;10.916
16-02-2011;10.874;10.706
15-02-2011;10.782;10.838
14-02-2011;10.834;10.73
11-02-2011;10.726;10.902
10-02-2011;11.008;11.222
09-02-2011;11.298;11.3
08-02-2011;11.2;10.88
07-02-2011;10.894;10.894
04-02-2011;10.89;10.94
03-02-2011;10.938;10.944
02-02-2011;10.992;11.01
01-02-2011;11.034;11.138
31-01-2011;11.038;10.986
28-01-2011;10.986;11.262
27-01-2011;11.2;11.322
26-01-2011;11.45;11.35
25-01-2011;11.34;11.472
24-01-2011;11.382;11.5
21-01-2011;11.558;11.696
20-01-2011;11.7;11.83
19-01-2011;11.76;11.8
18-01-2011;11.754;11.534
17-01-2011;11.544;11.764
14-01-2011;11.742;11.808
13-01-2011;11.744;11.686
12-01-2011;11.764;11.514
11-01-2011;11.582;11.264
10-01-2011;11.32;11.152
07-01-2011;11.202;11.202
06-01-2011;11.15;11.242
05-01-2011;11.22;11.2
04-01-2011;11.26;11.118
03-01-2011;11.144;11.2
30-12-2010;11.206;11.45
29-12-2010;11.422;11.328
28-12-2010;11.38;11.29
27-12-2010;11.33;11.47
23-12-2010;11.602;11.828
22-12-2010;11.8;11.716
21-12-2010;11.752;11.3
20-12-2010;11.32;11.6
17-12-2010;11.634;11.772
16-12-2010;11.766;11.744
15-12-2010;11.8;12.012
14-12-2010;12.492;12.57
13-12-2010;12.578;12.6
10-12-2010;12.582;12.534
09-12-2010;12.482;12.786
08-12-2010;12.686;12.584
07-12-2010;12.574;12.53
06-12-2010;12.524;12.8
03-12-2010;12.73;12.29
02-12-2010;12.404;12.112
01-12-2010;12.074;11.592
30-11-2010;11.612;11.654
29-11-2010;11.482;11.6
26-11-2010;11.648;11.74
25-11-2010;11.98;12.1
24-11-2010;12.056;11.7
23-11-2010;11.734;11.82
22-11-2010;11.86;12.1
19-11-2010;12;11.9
18-11-2010;11.904;11.694
17-11-2010;11.642;11.584
16-11-2010;11.47;11.57
15-11-2010;11.586;11.342
12-11-2010;11.352;11.2
11-11-2010;11.33;11.11
10-11-2010;11.174;11.396
09-11-2010;11.4;11.416
08-11-2010;11.4;11.382
05-11-2010;11.438;11.718
04-11-2010;11.682;11.756
03-11-2010;11.692;11.794
02-11-2010;11.746;11.66
01-11-2010;11.788;12.1
29-10-2010;12.002;11.936
28-10-2010;11.87;11.978
27-10-2010;11.844;12.02
26-10-2010;11.962;12.014
25-10-2010;12.06;12.02
22-10-2010;11.908;11.846
21-10-2010;11.962;11.5
20-10-2010;11.624;11.692
19-10-2010;11.66;11.46
18-10-2010;11.582;11.64
15-10-2010;11.726;11.682
14-10-2010;11.644;11.64
13-10-2010;11.652;11.468
12-10-2010;11.56;11.46
11-10-2010;11.502;11.638
08-10-2010;11.686;11.75
07-10-2010;11.796;11.604
06-10-2010;11.65;11.768
05-10-2010;11.69;11.478
04-10-2010;11.442;11.444
01-10-2010;11.444;11.606
30-09-2010;11.654;11.582
29-09-2010;11.672;11.54
28-09-2010;11.688;11.654
27-09-2010;11.652;11.904
24-09-2010;11.964;11.4
23-09-2010;11.424;11.618
22-09-2010;11.4;11.678
21-09-2010;11.624;11.828
20-09-2010;11.73;11.482
17-09-2010;11.522;11.5
16-09-2010;11.406;11.502
15-09-2010;11.484;11.618
14-09-2010;11.604;11.532
13-09-2010;11.554;11.456
10-09-2010;11.322;11.44
09-09-2010;11.434;11.2
08-09-2010;11.234;11
07-09-2010;11.004;11.078
06-09-2010;11.114;11.15
03-09-2010;11.008;11.096
02-09-2010;11.02;10.96
01-09-2010;10.974;10.59
31-08-2010;10.53;10.3
30-08-2010;10.432;10.43
27-08-2010;10.472;10.286
26-08-2010;10.326;10.358
25-08-2010;10.33;10.48
24-08-2010;10.488;10.5
23-08-2010;10.556;10.41
20-08-2010;10.41;10.428
19-08-2010;10.394;10.578
18-08-2010;10.54;10.326
17-08-2010;10.38;10.208
16-08-2010;10.21;10.15
13-08-2010;10.092;10.15
12-08-2010;10.058;10.03
11-08-2010;10.016;10.074
10-08-2010;10.13;10.126
09-08-2010;10.186;10.184
06-08-2010;10.01;10.142
05-08-2010;10.156;10.232
04-08-2010;10.19;10.4
03-08-2010;10.32;10.154
02-08-2010;10.184;10.184
30-07-2010;10.15;10.218
29-07-2010;10.24;10.44
28-07-2010;10.332;10.4
27-07-2010;10.4;10.756
26-07-2010;10.664;10.64
23-07-2010;10.578;10.302
22-07-2010;10.32;10
21-07-2010;10.02;9.989
20-07-2010;9.94;9.918
19-07-2010;9.81;9.953
16-07-2010;9.996;10.104
15-07-2010;10.094;10.06
14-07-2010;10.132;10.12
13-07-2010;10.044;9.738
12-07-2010;9.766;9.911
09-07-2010;9.908;9.84
08-07-2010;9.75;9.828
07-07-2010;9.75;9.688
06-07-2010;9.737;9.555
05-07-2010;9.5;9.351
02-07-2010;9.39;9.22
01-07-2010;9.246;9.2
30-06-2010;9.417;9.369
29-06-2010;9.44;9.64
28-06-2010;9.762;9.709
25-06-2010;9.668;9.561
24-06-2010;9.539;9.782
23-06-2010;9.716;9.779
22-06-2010;9.904;9.8
21-06-2010;9.79;9.87
18-06-2010;9.817;9.68
17-06-2010;9.687;9.594
16-06-2010;9.52;9.522
15-06-2010;9.534;9.486
14-06-2010;9.46;9.716
11-06-2010;9.661;9.58
10-06-2010;9.464;9.315
09-06-2010;9.437;8.9
08-06-2010;8.775;8.96
07-06-2010;8.99;8.835
04-06-2010;8.97;9.126
03-06-2010;9.154;9.342
02-06-2010;9.125;9.02
01-06-2010;9.083;9.064
31-05-2010;9.083;9.08
28-05-2010;9.113;9.016
27-05-2010;8.908;8.868
26-05-2010;8.706;8.687
25-05-2010;8.565;8.549
24-05-2010;8.804;8.918
21-05-2010;8.786;8.672
20-05-2010;8.76;9.014
19-05-2010;8.929;9.045
18-05-2010;9.105;9.126
17-05-2010;9.012;8.934
14-05-2010;8.971;9.486
13-05-2010;9.555;9.696
12-05-2010;9.581;9.464
11-05-2010;9.6;9.233
10-05-2010;9.317;8.969
07-05-2010;8.542;8.512
06-05-2010;8.749;8.752
05-05-2010;8.762;9.007
04-05-2010;9.061;9.4
03-05-2010;9.422;9.218
30-04-2010;9.326;9.44
29-04-2010;9.468;9.1
28-04-2010;9.142;9.397
27-04-2010;9.514;9.708
26-04-2010;9.767;9.8
23-04-2010;9.755;9.687
22-04-2010;9.662;9.72
21-04-2010;9.752;9.916
20-04-2010;9.839;9.836
19-04-2010;9.758;9.613
16-04-2010;9.706;9.87
15-04-2010;9.922;9.986
14-04-2010;9.987;9.85
13-04-2010;9.866;9.806
12-04-2010;9.887;9.98
09-04-2010;9.894;9.8
08-04-2010;9.78;9.744
07-04-2010;9.816;9.92
06-04-2010;10.064;9.98
01-04-2010;9.941;9.8
31-03-2010;9.761;9.756
30-03-2010;9.8;9.922
29-03-2010;9.922;9.898
26-03-2010;9.9;9.942
25-03-2010;9.947;9.813
24-03-2010;9.77;9.898
23-03-2010;9.796;9.816
22-03-2010;9.8;9.75
19-03-2010;9.758;9.668
18-03-2010;9.65;9.684
17-03-2010;9.708;9.61
16-03-2010;9.382;9.329
15-03-2010;9.276;9.4
12-03-2010;9.32;9.29
11-03-2010;9.29;9.327
10-03-2010;9.268;9.16
09-03-2010;9.144;9.186
08-03-2010;9.14;9.18
05-03-2010;9.101;8.94
04-03-2010;8.876;8.78
03-03-2010;8.807;8.736
02-03-2010;8.808;8.8
01-03-2010;8.862;8.728
26-02-2010;8.662;8.611
25-02-2010;8.594;8.6
24-02-2010;8.597;8.517
23-02-2010;8.461;8.554
22-02-2010;8.515;8.728
19-02-2010;8.732;8.444
18-02-2010;8.486;8.598
17-02-2010;8.611;8.714
16-02-2010;8.657;8.628
15-02-2010;8.587;8.56
12-02-2010;8.53;8.6
11-02-2010;8.445;8.6
10-02-2010;8.522;8.551
09-02-2010;8.578;8.42
08-02-2010;8.499;8.594
05-02-2010;8.619;8.401
04-02-2010;8.454;8.842
03-02-2010;8.853;9.139
02-02-2010;9.198;9.242
01-02-2010;9.241;9.071
29-01-2010;9.127;9.073
28-01-2010;9.056;8.966
27-01-2010;8.8;8.868
26-01-2010;8.948;8.776
25-01-2010;8.788;8.8
22-01-2010;8.88;8.92
21-01-2010;8.942;9.134
20-01-2010;9.052;9.153
19-01-2010;9.163;8.964
18-01-2010;8.99;8.957
15-01-2010;8.951;8.986
14-01-2010;8.967;8.891
13-01-2010;8.862;8.704
12-01-2010;8.711;8.758
11-01-2010;8.789;8.718
08-01-2010;8.638;8.595
07-01-2010;8.608;8.734
06-01-2010;8.736;8.732
05-01-2010;8.732;8.784
04-01-2010;8.79;8.696
30-12-2009;8.678;8.7
29-12-2009;8.678;8.694
28-12-2009;8.656;8.68
23-12-2009;8.6;8.702
22-12-2009;8.648;8.664
21-12-2009;8.686;8.756
18-12-2009;8.74;8.756
17-12-2009;8.73;8.9
16-12-2009;8.986;8.868
15-12-2009;8.916;8.782
14-12-2009;8.786;8.8
11-12-2009;8.74;8.56
10-12-2009;8.554;8.396
09-12-2009;8.254;8.4
08-12-2009;8.312;8.516
07-12-2009;8.572;8.49
04-12-2009;8.524;8.528
03-12-2009;8.52;8.516
02-12-2009;8.458;8.5
01-12-2009;8.56;8.576
30-11-2009;8.486;8.56
27-11-2009;8.478;8.31
26-11-2009;8.496;8.55
25-11-2009;8.616;8.618
24-11-2009;8.49;8.282
23-11-2009;8.366;8.328
20-11-2009;8.296;8.348
19-11-2009;8.348;8.632
18-11-2009;8.52;8.474
17-11-2009;8.488;8.54
16-11-2009;8.452;8.6
13-11-2009;8.59;8.614
12-11-2009;8.588;8.572
11-11-2009;8.576;8.57
10-11-2009;8.482;8.614
09-11-2009;8.66;8.402
06-11-2009;8.448;8.42
05-11-2009;8.458;8.23
04-11-2009;8.262;8
03-11-2009;7.974;7.8
02-11-2009;7.862;7.802
30-10-2009;8;7.968
29-10-2009;8.044;7.902
28-10-2009;7.986;7.968
27-10-2009;7.97;7.802
26-10-2009;7.822;7.898
23-10-2009;7.896;7.98
22-10-2009;7.92;7.822
21-10-2009;7.916;7.84
20-10-2009;7.896;8.06
19-10-2009;8.01;7.902
16-10-2009;7.86;7.93
15-10-2009;7.94;7.91
14-10-2009;7.942;7.858
13-10-2009;7.864;7.95
12-10-2009;7.94;7.912
09-10-2009;7.892;7.98
08-10-2009;7.96;7.908
07-10-2009;7.844;7.806
06-10-2009;7.83;7.722
05-10-2009;7.72;7.64
02-10-2009;7.708;7.6
01-10-2009;7.714;7.844
30-09-2009;7.842;8.07
29-09-2009;8.006;8.096
28-09-2009;8.058;8.018
25-09-2009;7.946;8
24-09-2009;8.012;8.082
23-09-2009;8.078;7.93
22-09-2009;7.93;8.02
21-09-2009;8.078;8.06
18-09-2009;8;8.002
17-09-2009;7.988;8.188
16-09-2009;8.116;7.92
15-09-2009;7.726;7.636
14-09-2009;7.646;7.446
11-09-2009;7.554;7.416
10-09-2009;7.406;7.524
09-09-2009;7.558;7.42
08-09-2009;7.446;7.438
07-09-2009;7.45;7.36
04-09-2009;7.304;7.26
03-09-2009;7.284;7.354
02-09-2009;7.386;7.41
01-09-2009;7.49;7.656
31-08-2009;7.592;7.478
28-08-2009;7.48;7.462
27-08-2009;7.374;7.52
26-08-2009;7.496;7.49
25-08-2009;7.526;7.5
24-08-2009;7.574;7.766
21-08-2009;7.604;7.45
20-08-2009;7.41;7.47
19-08-2009;7.5;7.464
18-08-2009;7.514;7.448
17-08-2009;7.46;7.652
14-08-2009;7.66;7.66
13-08-2009;7.692;7.558
12-08-2009;7.564;7.498
11-08-2009;7.55;7.654
10-08-2009;7.66;7.772
07-08-2009;7.69;7.538
06-08-2009;7.556;7.69
05-08-2009;7.514;7.672
04-08-2009;7.666;7.666
03-08-2009;7.656;7.54
31-07-2009;7.548;7.492
30-07-2009;7.556;7.45
29-07-2009;7.372;7.4
28-07-2009;7.424;7.484
27-07-2009;7.558;7.698
24-07-2009;7.616;7.58
23-07-2009;7.56;7.38
22-07-2009;7.34;7.36
21-07-2009;7.4;7.144
20-07-2009;7.144;6.96
17-07-2009;6.934;7
16-07-2009;6.962;6.844
15-07-2009;6.83;6.744
14-07-2009;6.76;6.732
13-07-2009;6.704;6.622
10-07-2009;6.654;6.72
09-07-2009;6.698;6.666
08-07-2009;6.64;6.6
07-07-2009;6.61;6.46
06-07-2009;6.61;6.608
03-07-2009;6.706;6.77
02-07-2009;6.762;6.96
01-07-2009;6.98;6.84
30-06-2009;6.834;6.766
29-06-2009;6.754;6.638
26-06-2009;6.678;6.768
25-06-2009;6.754;6.7
24-06-2009;6.722;6.5
23-06-2009;6.55;6.614
22-06-2009;6.598;6.698
19-06-2009;6.734;6.646
18-06-2009;6.72;6.812
17-06-2009;6.78;6.802
16-06-2009;6.8;6.81
15-06-2009;6.814;6.964
12-06-2009;7.002;7.142
11-06-2009;7.144;6.86
10-06-2009;6.86;6.84
09-06-2009;6.526;6.54
08-06-2009;6.462;6.388
05-06-2009;6.454;6.412
04-06-2009;6.406;6.48
03-06-2009;6.43;6.62
02-06-2009;6.548;6.34
01-06-2009;6.394;6.38
29-05-2009;6.364;6.258
28-05-2009;6.204;6.29
27-05-2009;6.334;6.324
26-05-2009;6.324;6.184
25-05-2009;6.242;6.278
22-05-2009;6.212;6.242
21-05-2009;6.238;6.3
20-05-2009;6.39;6.418
19-05-2009;6.36;6.368
18-05-2009;6.39;6.53
15-05-2009;6.528;6.6
14-05-2009;6.644;6.706
13-05-2009;6.592;6.78
12-05-2009;6.726;6.532
11-05-2009;6.506;6.52
08-05-2009;6.548;6.424
07-05-2009;6.472;6.606
06-05-2009;6.624;6.69
05-05-2009;6.61;6.584
04-05-2009;6.52;6.64
30-04-2009;6.478;6.57
29-04-2009;6.48;6.42
28-04-2009;6.326;6.4
27-04-2009;6.48;6.538
24-04-2009;6.586;6.5
23-04-2009;6.666;6.65
22-04-2009;6.698;6.286
21-04-2009;6.38;6.172
20-04-2009;6.276;6.57
17-04-2009;6.57;6.43
16-04-2009;6.592;6.724
15-04-2009;6.67;6.532
14-04-2009;6.576;6.52
09-04-2009;6.55;6.4
08-04-2009;6.34;6.228
07-04-2009;6.29;6.404
06-04-2009;6.34;6.526
03-04-2009;6.45;6.4
02-04-2009;6.502;6.216
01-04-2009;6.142;5.88
31-03-2009;5.87;5.694
30-03-2009;5.638;5.576
27-03-2009;5.754;5.6
26-03-2009;5.648;5.658
25-03-2009;5.602;5.408
24-03-2009;5.348;5.456
23-03-2009;5.402;5.538
20-03-2009;5.498;5.4
19-03-2009;5.446;5.45
18-03-2009;5.396;5.38
17-03-2009;5.316;5.26
16-03-2009;5.268;5.288
13-03-2009;5.146;5.26
12-03-2009;5.208;5.26
11-03-2009;5.188;5.058
10-03-2009;5.108;5.02
09-03-2009;4.92;5.02
06-03-2009;5.058;4.952
05-03-2009;4.952;5.4
04-03-2009;5.522;5.746
03-03-2009;5.708;5.73
02-03-2009;5.73;5.85
27-02-2009;5.986;5.9
26-02-2009;5.89;5.838
25-02-2009;5.832;5.976
24-02-2009;5.916;5.766
23-02-2009;5.854;5.918
20-02-2009;5.842;6
19-02-2009;6.034;5.992
18-02-2009;5.95;6.002
17-02-2009;5.956;6.244
16-02-2009;6.3;6.276
13-02-2009;6.34;6.258
12-02-2009;6.2;6.372
11-02-2009;6.428;6.16
10-02-2009;6.256;6.402
09-02-2009;6.482;6.278
06-02-2009;6.29;6.176
05-02-2009;6.122;6.096
04-02-2009;6.142;5.954
03-02-2009;5.918;5.956
02-02-2009;5.9;5.854
30-01-2009;5.976;5.852
29-01-2009;5.852;5.96
28-01-2009;5.982;5.918
27-01-2009;5.846;5.88
26-01-2009;5.88;5.808
23-01-2009;5.84;5.666
22-01-2009;5.684;5.78
21-01-2009;5.714;5.544
20-01-2009;5.544;5.682
19-01-2009;5.736;5.88
16-01-2009;5.806;5.664
15-01-2009;5.586;5.85
14-01-2009;5.822;6.13
13-01-2009;5.96;5.92
12-01-2009;5.98;6.1
09-01-2009;6.06;6.254
08-01-2009;6.17;6.486
07-01-2009;6.532;6.832
06-01-2009;6.85;6.772
05-01-2009;6.594;6.69
02-01-2009;6.688;6.4
30-12-2008;6.266;6.2
29-12-2008;6.178;6.28
23-12-2008;6.286;6.204
22-12-2008;6.226;6.43
19-12-2008;6.43;6.198
18-12-2008;6.22;6.238
17-12-2008;6.272;6.37
16-12-2008;6.286;6.418
15-12-2008;6.334;6.2
12-12-2008;6.166;5.952
11-12-2008;6.104;5.9
10-12-2008;5.84;5.81
09-12-2008;5.82;5.598
08-12-2008;5.6;5.286
05-12-2008;5.07;5.322
04-12-2008;5.388;5.14
03-12-2008;5.18;5.2
02-12-2008;5.2;5
01-12-2008;5.138;5.264
28-11-2008;5.26;5.31
27-11-2008;5.35;5.272
26-11-2008;5.22;5.21
25-11-2008;5.258;5.174
24-11-2008;5.212;4.88
21-11-2008;4.738;4.88
20-11-2008;4.832;4.798
19-11-2008;4.864;5
18-11-2008;4.982;5
17-11-2008;4.994;5.028
14-11-2008;5.04;5.302
13-11-2008;5.18;5.22
12-11-2008;5.292;5.414
11-11-2008;5.282;5.418
10-11-2008;5.474;5.704
07-11-2008;5.59;5.42
06-11-2008;5.46;5.462
05-11-2008;5.57;5.52
04-11-2008;5.626;5.492
03-11-2008;5.446;5.388
31-10-2008;5.272;5.136
30-10-2008;5.122;5.208
29-10-2008;5.116;5.3
28-10-2008;4.848;5.014
27-10-2008;4.978;4.926
24-10-2008;5.076;5.01
23-10-2008;5.19;5.276
22-10-2008;5.314;5.55
21-10-2008;5.588;5.806
20-10-2008;5.7;5.506
17-10-2008;5.562;5.552
16-10-2008;5.25;5.3
15-10-2008;5.494;5.6
14-10-2008;5.58;6.1
13-10-2008;5.966;5.646
10-10-2008;5.4;5.228
09-10-2008;5.478;5.508
08-10-2008;5.478;5.356
07-10-2008;5.588;5.588
06-10-2008;5.458;5.718
03-10-2008;5.818;5.658
02-10-2008;5.672;5.714
01-10-2008;5.78;5.95
30-09-2008;5.938;6
29-09-2008;6.212;6.392
26-09-2008;6.376;6.44
25-09-2008;6.494;6.38
24-09-2008;6.342;6.23
23-09-2008;6.226;6.222
22-09-2008;6.192;6.18
19-09-2008;6.3;6.042
18-09-2008;5.764;5.838
17-09-2008;5.808;5.94
16-09-2008;5.754;5.588
15-09-2008;5.55;5.4
12-09-2008;5.652;5.642
11-09-2008;5.532;5.62
10-09-2008;5.618;5.7
09-09-2008;5.632;5.92
08-09-2008;6.032;6.2
05-09-2008;5.958;6.11
04-09-2008;6.134;6.426
03-09-2008;6.41;6.6
02-09-2008;6.628;6.384
01-09-2008;6.358;6.36
29-08-2008;6.372;6.194
28-08-2008;6.19;6.18
27-08-2008;6.198;6.412
26-08-2008;6.372;6.09
25-08-2008;6.112;6.142
22-08-2008;6.21;5.93
21-08-2008;5.922;6.008
20-08-2008;6.128;6.052
19-08-2008;6.006;6.222
18-08-2008;6.3;6.382
15-08-2008;6.38;6.342
14-08-2008;6.28;6.226
13-08-2008;6.202;6.54
12-08-2008;6.618;6.634
11-08-2008;6.684;6.4
08-08-2008;6.414;6.324
07-08-2008;6.36;6.3
06-08-2008;6.412;6.32
05-08-2008;6.312;6.008
04-08-2008;6.012;5.902
01-08-2008;5.972;6
31-07-2008;6.21;6.11
30-07-2008;6.106;6.222
29-07-2008;6.102;5.99
28-07-2008;6.058;6
25-07-2008;5.984;6.06
24-07-2008;6.136;6.3
23-07-2008;6.084;5.96
22-07-2008;5.858;5.996
21-07-2008;6.08;6.06
18-07-2008;6.084;5.93
17-07-2008;5.982;5.798
16-07-2008;5.66;5.438
15-07-2008;5.45;5.654
14-07-2008;5.694;5.634
11-07-2008;5.578;5.866
10-07-2008;5.824;5.786
09-07-2008;5.904;5.7
08-07-2008;5.624;5.412
07-07-2008;5.546;5.55
04-07-2008;5.498;5.65
03-07-2008;5.65;5.538
02-07-2008;5.65;5.67
01-07-2008;5.678;5.848
30-06-2008;5.852;5.57
27-06-2008;5.676;5.622
26-06-2008;5.622;5.83
25-06-2008;5.822;5.818
24-06-2008;5.836;5.856
23-06-2008;5.89;5.966
20-06-2008;6;6.14
19-06-2008;6.102;5.926
18-06-2008;5.942;6.016
17-06-2008;6.016;6.014
16-06-2008;6.014;6.036
13-06-2008;6.034;6.068
12-06-2008;6.114;6.082
11-06-2008;6.102;6.258
10-06-2008;6.2;6.174
09-06-2008;6.26;6.184
06-06-2008;6.214;6.42
05-06-2008;6.482;6.49
04-06-2008;6.466;6.458
03-06-2008;6.446;6.18
30-05-2008;6.324;6.224
29-05-2008;6.214;6.346
28-05-2008;6.34;6.35
27-05-2008;6.306;6.5
26-05-2008;6.468;6.478
23-05-2008;6.494;6.704
22-05-2008;6.698;6.66
21-05-2008;6.726;6.898
20-05-2008;6.856;6.986
19-05-2008;7.05;7.096
16-05-2008;7.08;7.178
15-05-2008;7.12;6.946
14-05-2008;7.014;6.974
13-05-2008;6.96;7.05
12-05-2008;6.98;6.85
09-05-2008;6.962;7
08-05-2008;7.048;7.078
07-05-2008;7.132;7.152
06-05-2008;7.138;7.216
05-05-2008;7.22;7.182
02-05-2008;7.186;7.11
30-04-2008;6.996;7.002
29-04-2008;7.026;7.308
28-04-2008;7.374;7.29
25-04-2008;7.272;7.18
24-04-2008;7.11;7.176
23-04-2008;7.176;7.166
22-04-2008;7.164;7.288
21-04-2008;7.364;7.512
18-04-2008;7.494;7.33
17-04-2008;7.282;7.388
16-04-2008;7.318;7.208
15-04-2008;7.154;7.122
14-04-2008;7.124;7.312
11-04-2008;7.328;7.458
10-04-2008;7.372;7.29
09-04-2008;7.38;7.262
08-04-2008;7.314;7.474
07-04-2008;7.482;7.578
04-04-2008;7.506;7.474
03-04-2008;7.412;7.69
02-04-2008;7.614;7.5
01-04-2008;7.516;6.932
31-03-2008;7.038;7
28-03-2008;7.108;7.232
27-03-2008;7.24;7.2
26-03-2008;7.2;6.94
25-03-2008;7.02;6.802
20-03-2008;6.606;6.45
19-03-2008;6.586;6.684
18-03-2008;6.624;6.586
17-03-2008;6.48;6.438
14-03-2008;6.636;6.626
13-03-2008;6.622;6.636
12-03-2008;6.73;6.722
11-03-2008;6.604;6.502
10-03-2008;6.482;6.494
07-03-2008;6.568;6.534
06-03-2008;6.626;6.712
05-03-2008;6.706;6.602
04-03-2008;6.564;6.752
03-03-2008;6.716;6.77
29-02-2008;6.87;6.876
28-02-2008;7.052;7.086
27-02-2008;7.088;6.99
26-02-2008;7.032;7.05
25-02-2008;7.014;6.96
22-02-2008;6.908;6.822
21-02-2008;6.89;6.856
20-02-2008;6.836;6.86
19-02-2008;6.914;6.8
18-02-2008;6.77;6.684
15-02-2008;6.69;6.85
14-02-2008;6.854;6.93
13-02-2008;6.84;6.61
12-02-2008;6.678;6.362
11-02-2008;6.292;6.454
08-02-2008;6.532;6.538
07-02-2008;6.548;6.512
06-02-2008;6.526;6.264
05-02-2008;6.458;6.75
04-02-2008;6.88;7.074
01-02-2008;6.99;6.798
31-01-2008;6.7;6.872
30-01-2008;6.914;7.1
29-01-2008;7.19;7.232
28-01-2008;7.236;7.122
25-01-2008;7.22;7.558
24-01-2008;7.338;7.2
23-01-2008;6.778;7.2
22-01-2008;6.994;6.266
21-01-2008;6.526;6.9
18-01-2008;6.974;6.8
17-01-2008;6.77;6.718
16-01-2008;6.67;6.41
15-01-2008;6.4;6.984
14-01-2008;7.02;6.948
11-01-2008;6.96;6.992
10-01-2008;7.028;7.122
09-01-2008;7.016;7.26
08-01-2008;7.476;7.302
07-01-2008;7.426;7.482
04-01-2008;7.68;8.076
03-01-2008;8.238;8.446
02-01-2008;8.434;8.41
28-12-2007;8.404;8.424
27-12-2007;8.46;8.502
21-12-2007;8.5;8.536
20-12-2007;8.468;8.492
19-12-2007;8.492;8.706
18-12-2007;8.704;8.796
17-12-2007;8.75;8.992
14-12-2007;9.062;9.018
13-12-2007;9.004;9.398
12-12-2007;9.44;9.35
11-12-2007;9.95;9.642
10-12-2007;9.624;9.526
07-12-2007;9.542;9.41
06-12-2007;9.396;9.43
05-12-2007;9.4;9.5
04-12-2007;9.42;9.63
03-12-2007;9.6;9.552
30-11-2007;9.524;9.922
29-11-2007;10.05;10.2
28-11-2007;10.17;9.81
27-11-2007;9.724;9.796
26-11-2007;9.796;9.982
23-11-2007;9.902;9.96
22-11-2007;9.934;9.954
21-11-2007;9.9;9.78
20-11-2007;9.864;9.558
19-11-2007;9.48;9.742
16-11-2007;9.73;9.926
15-11-2007;9.988;10.11
14-11-2007;10.11;10.15
13-11-2007;10;10.17
12-11-2007;10.25;10.12
09-11-2007;10.24;10.54
08-11-2007;10.49;10.53
07-11-2007;10.65;10.5
06-11-2007;10.45;10.48
05-11-2007;10.41;10.08
02-11-2007;10.13;10.12
01-11-2007;10.16;10.25
31-10-2007;10.27;10.01
30-10-2007;10;9.896
29-10-2007;9.968;10.1
26-10-2007;10.04;10.03
25-10-2007;10.01;10.05
24-10-2007;9.94;10.29
23-10-2007;10.31;10.01
22-10-2007;10.01;9.81
19-10-2007;10.01;10
18-10-2007;10.04;9.93
17-10-2007;9.99;9.866
16-10-2007;9.842;9.704
15-10-2007;9.72;9.776
12-10-2007;9.774;9.63
11-10-2007;9.78;9.762
10-10-2007;9.754;9.774
09-10-2007;9.77;9.75
08-10-2007;9.776;9.8
05-10-2007;9.93;9.766
04-10-2007;9.8;9.778
03-10-2007;9.788;9.846
02-10-2007;9.852;9.69
01-10-2007;9.606;9.16
28-09-2007;9.452;9.35
27-09-2007;9.38;9.356
26-09-2007;9.284;9.114
25-09-2007;9.06;9.19
24-09-2007;9.266;9.178
21-09-2007;9.18;9.16
20-09-2007;9.188;9.22
19-09-2007;9.24;8.988
18-09-2007;8.602;8.544
17-09-2007;8.58;8.662
14-09-2007;8.722;8.786
13-09-2007;8.868;8.73
12-09-2007;8.744;8.536
11-09-2007;8.494;8.29
10-09-2007;8.238;8.402
07-09-2007;8.396;8.652
06-09-2007;8.652;8.738
05-09-2007;8.718;8.83
04-09-2007;8.89;8.79
03-09-2007;8.82;8.616
31-08-2007;8.61;8.518
30-08-2007;8.476;8.524
29-08-2007;8.524;8.412
28-08-2007;8.506;8.582
27-08-2007;8.616;8.686
24-08-2007;8.67;8.426
23-08-2007;8.51;8.64
22-08-2007;8.58;8.542
21-08-2007;8.494;8.536
20-08-2007;8.552;8.398
17-08-2007;8.44;8.302
16-08-2007;8.46;8.632
15-08-2007;8.816;8.75
14-08-2007;8.838;8.88
13-08-2007;8.97;9.11
10-08-2007;9.004;9.002
09-08-2007;9.128;9.108
08-08-2007;9.118;8.888
07-08-2007;8.846;8.93
06-08-2007;8.828;8.634
03-08-2007;8.664;8.704
02-08-2007;8.676;8.684
01-08-2007;8.62;8.586
31-07-2007;8.874;8.802
30-07-2007;8.776;8.692
27-07-2007;8.66;8.48
26-07-2007;8.634;8.86
25-07-2007;8.862;8.814
24-07-2007;8.886;8.912
23-07-2007;8.914;8.974
20-07-2007;8.956;8.968
19-07-2007;8.994;8.958
18-07-2007;8.944;9
17-07-2007;9.064;9.002
16-07-2007;8.996;9.008
13-07-2007;9.006;9.036
12-07-2007;8.98;8.842
11-07-2007;8.846;8.838
10-07-2007;8.974;8.964
09-07-2007;8.944;9.034
06-07-2007;8.978;8.816
05-07-2007;8.84;8.858
04-07-2007;8.824;8.724
03-07-2007;8.704;8.734
02-07-2007;8.686;8.71
29-06-2007;8.754;8.724
28-06-2007;8.636;8.66
27-06-2007;8.578;8.592
26-06-2007;8.662;8.5
25-06-2007;8.604;8.552
22-06-2007;8.628;8.74
21-06-2007;8.734;8.746
20-06-2007;8.82;8.82
19-06-2007;8.818;8.93
18-06-2007;8.97;9.238
15-06-2007;9.202;9.122
14-06-2007;9.122;9.12
13-06-2007;9.05;9.07
12-06-2007;8.92;8.95
11-06-2007;8.976;8.964
08-06-2007;8.868;8.6
07-06-2007;8.666;8.892
06-06-2007;8.84;9.166
05-06-2007;9.19;9.36
04-06-2007;9.38;9.42
01-06-2007;9.41;9.34
31-05-2007;9.382;9.47
30-05-2007;9.352;9.36
29-05-2007;9.4;9.478
28-05-2007;9.446;9.396
25-05-2007;9.35;9.37
24-05-2007;9.422;9.424
23-05-2007;9.498;9.478
22-05-2007;9.434;9.432
21-05-2007;9.47;9.598
18-05-2007;9.556;9.566
17-05-2007;9.598;9.476
16-05-2007;9.492;9.39
15-05-2007;9.382;9.392
14-05-2007;9.394;9.4
11-05-2007;9.344;9.19
10-05-2007;9.22;9.24
09-05-2007;9.216;9.22
08-05-2007;9.17;9.318
07-05-2007;9.272;9.202
04-05-2007;9.22;9.112
03-05-2007;9.142;9.146
02-05-2007;9.21;9.16
30-04-2007;9.076;9
27-04-2007;9.042;9.236
26-04-2007;9.236;9.35
25-04-2007;9.26;9.204
24-04-2007;9.214;9.55
23-04-2007;9.55;9.452
20-04-2007;9.464;9.428
19-04-2007;9.37;9.4
18-04-2007;9.48;9.51
17-04-2007;9.502;9.614
16-04-2007;9.61;9.574
13-04-2007;9.47;9.458
12-04-2007;9.436;9.5
11-04-2007;9.51;9.58
10-04-2007;9.552;9.56
05-04-2007;9.53;9.448
04-04-2007;9.402;9.442
03-04-2007;9.44;9.538
02-04-2007;9.496;9.346
30-03-2007;9.306;9.296
29-03-2007;9.194;9.13
28-03-2007;9.098;9.058
27-03-2007;9.084;9.09
26-03-2007;9.028;8.97
23-03-2007;8.978;8.924
22-03-2007;8.9;9.08
21-03-2007;8.816;9.228
20-03-2007;9.108;9.118
19-03-2007;9.032;8.9
16-03-2007;8.86;8.8
15-03-2007;8.83;8.636
14-03-2007;8.572;8.5
13-03-2007;8.73;8.9
12-03-2007;8.9;8.9
09-03-2007;8.89;8.798
08-03-2007;8.78;8.78
07-03-2007;8.702;8.76
06-03-2007;8.638;8.466
05-03-2007;8.496;8.538
02-03-2007;8.652;8.696
01-03-2007;8.67;8.75
28-02-2007;8.798;8.37
27-02-2007;8.646;8.91
26-02-2007;8.992;9.026
23-02-2007;8.994;9.13
22-02-2007;9.062;8.948
21-02-2007;8.94;9.062
20-02-2007;9.04;9.15
19-02-2007;9.164;9.19
16-02-2007;9.176;9.16
15-02-2007;9.074;8.936
14-02-2007;8.952;8.912
13-02-2007;8.942;8.888
12-02-2007;8.836;8.896
09-02-2007;8.896;8.85
08-02-2007;8.84;8.718
07-02-2007;8.718;8.628
06-02-2007;8.672;8.634
05-02-2007;8.686;8.658
02-02-2007;8.66;8.832
01-02-2007;8.79;8.768
31-01-2007;8.694;8.442
30-01-2007;8.538;8.42
29-01-2007;8.42;8.24
26-01-2007;8.2;8.17
25-01-2007;8.364;8.22
24-01-2007;8.214;8.278
23-01-2007;8.28;8.26
22-01-2007;8.28;8.296
19-01-2007;8.306;8.22
18-01-2007;8.228;8.182
17-01-2007;8.186;8.216
16-01-2007;8.23;8.23
15-01-2007;8.282;8.266
12-01-2007;8.29;8.28
11-01-2007;8.362;8.188
10-01-2007;8.192;8.15
09-01-2007;8.112;8.182
08-01-2007;8.122;8.09
05-01-2007;8.098;8.12
04-01-2007;8.16;8.122
03-01-2007;8.164;8.188
02-01-2007;8.158;8.234
29-12-2006;8.162;8.2
28-12-2006;8.178;8.18
27-12-2006;8.202;8.044
22-12-2006;8.044;8.06
21-12-2006;8.122;8.11
20-12-2006;8.19;8.2
19-12-2006;8.156;8.262
18-12-2006;8.268;8.328
15-12-2006;8.34;8.4
14-12-2006;8.312;8.25
13-12-2006;8.314;8.08
12-12-2006;7.918;7.87
11-12-2006;7.89;7.796
08-12-2006;7.72;7.672
07-12-2006;7.66;7.614
06-12-2006;7.616;7.69
05-12-2006;7.642;7.58
04-12-2006;7.554;7.456
01-12-2006;7.444;7.71
30-11-2006;7.654;7.8
29-11-2006;7.8;7.766
28-11-2006;7.698;7.68
27-11-2006;7.672;7.866
24-11-2006;7.898;8.014
23-11-2006;8.016;7.948
22-11-2006;7.92;7.868
21-11-2006;7.85;7.858
20-11-2006;7.858;7.898
17-11-2006;7.904;7.71
16-11-2006;7.674;7.576
15-11-2006;7.59;7.59
14-11-2006;7.526;7.428
13-11-2006;7.48;7.554
10-11-2006;7.506;7.54
09-11-2006;7.558;7.57
08-11-2006;7.542;7.558
07-11-2006;7.594;7.564
06-11-2006;7.52;7.57
03-11-2006;7.48;7.538
02-11-2006;7.51;7.536
01-11-2006;7.506;7.52
31-10-2006;7.492;7.512
30-10-2006;7.504;7.52
27-10-2006;7.542;7.502
26-10-2006;7.478;7.6
25-10-2006;7.578;7.592
24-10-2006;7.614;7.6
23-10-2006;7.592;7.65
20-10-2006;7.61;7.516
19-10-2006;7.488;7.442
18-10-2006;7.464;7.35
17-10-2006;7.39;7.588
16-10-2006;7.544;7.466
13-10-2006;7.484;7.52
12-10-2006;7.51;7.494
11-10-2006;7.51;7.546
10-10-2006;7.518;7.532
09-10-2006;7.45;7.398
06-10-2006;7.39;7.392
05-10-2006;7.364;7.4
04-10-2006;7.334;7.3
03-10-2006;7.278;7.302
02-10-2006;7.266;7.368
29-09-2006;7.352;7.266
28-09-2006;7.248;7.1
27-09-2006;7.1;6.958
26-09-2006;7.01;6.94
25-09-2006;6.9;6.918
22-09-2006;6.87;6.91
21-09-2006;6.952;6.92
20-09-2006;6.814;6.884
19-09-2006;6.934;6.944
18-09-2006;6.928;7.046
15-09-2006;7.05;7.058
14-09-2006;7.048;7.122
13-09-2006;7.09;7.088
12-09-2006;7.066;7.042
11-09-2006;7.036;7.14
08-09-2006;7.134;7.084
07-09-2006;7.058;7.034
06-09-2006;7.038;7.058
05-09-2006;7.066;7.08
04-09-2006;7.06;7.092
01-09-2006;7.07;7.056
31-08-2006;7.042;7.076
30-08-2006;7.03;7.002
29-08-2006;6.974;6.884
28-08-2006;6.87;6.878
25-08-2006;6.838;6.902
24-08-2006;6.866;6.93
23-08-2006;6.904;6.906
22-08-2006;6.884;6.946
21-08-2006;6.916;6.908
18-08-2006;6.95;6.976
17-08-2006;6.972;6.92
16-08-2006;6.958;6.81
15-08-2006;6.844;6.682
14-08-2006;6.722;6.75
11-08-2006;6.712;6.704
10-08-2006;6.706;6.73
09-08-2006;6.782;6.814
08-08-2006;6.778;6.848
07-08-2006;6.848;6.868
04-08-2006;6.918;6.808
03-08-2006;6.804;6.864
02-08-2006;6.882;6.806
01-08-2006;6.786;6.812
31-07-2006;6.802;6.758
28-07-2006;6.786;6.716
27-07-2006;6.746;6.772
26-07-2006;6.734;6.79
25-07-2006;6.724;6.78
24-07-2006;6.742;6.554
21-07-2006;6.52;6.594
20-07-2006;6.69;6.642
19-07-2006;6.628;6.488
18-07-2006;6.478;6.47
17-07-2006;6.496;6.532
14-07-2006;6.508;6.538
13-07-2006;6.564;6.566
12-07-2006;6.57;6.45
11-07-2006;6.442;6.436
10-07-2006;6.452;6.392
07-07-2006;6.394;6.47
06-07-2006;6.488;6.466
05-07-2006;6.442;6.52
04-07-2006;6.586;6.632
03-07-2006;6.604;6.64
30-06-2006;6.596;6.582
29-06-2006;6.576;6.46
28-06-2006;6.424;6.466
27-06-2006;6.472;6.496
26-06-2006;6.47;6.38
23-06-2006;6.34;6.32
22-06-2006;6.36;6.39
21-06-2006;6.326;6.232
20-06-2006;6.23;6.274
19-06-2006;6.286;6.198
16-06-2006;6.172;6.332
15-06-2006;6.294;6.168
14-06-2006;6.202;5.934
13-06-2006;5.76;5.804
12-06-2006;5.898;5.906
09-06-2006;5.924;5.918
08-06-2006;5.888;5.95
07-06-2006;6.058;6.042
06-06-2006;6.03;6.034
05-06-2006;6.108;6.172
02-06-2006;6.1;6.17
01-06-2006;6.162;6.192
31-05-2006;6.188;6.144
30-05-2006;6.05;6.138
29-05-2006;6.158;6.12
26-05-2006;6.164;6.112
25-05-2006;6.112;5.99
24-05-2006;5.982;6.044
23-05-2006;6.168;6.09
22-05-2006;6.088;6.25
19-05-2006;6.28;6.264
18-05-2006;6.24;6.17
17-05-2006;6.2;6.51
16-05-2006;6.476;6.424
15-05-2006;6.452;6.43
12-05-2006;6.474;6.638
11-05-2006;6.648;6.6
10-05-2006;6.618;6.632
09-05-2006;6.666;6.742
08-05-2006;6.732;6.704
05-05-2006;6.66;6.724
04-05-2006;6.71;6.672
03-05-2006;6.632;6.64
02-05-2006;6.626;6.42
28-04-2006;6.45;6.482
27-04-2006;6.518;6.57
26-04-2006;6.56;6.51
25-04-2006;6.466;6.48
24-04-2006;6.494;6.53
21-04-2006;6.546;6.572
20-04-2006;6.578;6.502
19-04-2006;6.548;6.43
18-04-2006;6.41;6.36
13-04-2006;6.36;6.384
12-04-2006;6.352;6.32
11-04-2006;6.35;6.37
10-04-2006;6.37;6.338
07-04-2006;6.374;6.502
06-04-2006;6.488;6.476
05-04-2006;6.466;6.378
04-04-2006;6.376;6.524
03-04-2006;6.52;6.436
31-03-2006;6.37;6.374
30-03-2006;6.374;6.334
29-03-2006;6.288;6.106
28-03-2006;6.08;6.03
27-03-2006;6.03;6.072
24-03-2006;6.06;6.078
23-03-2006;6.04;6.05
22-03-2006;6.074;6.002
21-03-2006;6.05;6.09
20-03-2006;6.09;6.066
17-03-2006;6.04;6.048
16-03-2006;6.07;6.034
15-03-2006;6.044;6.002
14-03-2006;6.01;6.046
13-03-2006;6.016;6.044
10-03-2006;6;5.972
09-03-2006;6.03;6.056
08-03-2006;6.02;6.084
07-03-2006;6.058;6.15
06-03-2006;6.174;6.138
03-03-2006;6.17;6.134
02-03-2006;6.166;6.128
01-03-2006;6.114;6.02
28-02-2006;6.026;5.958
27-02-2006;5.958;5.976
24-02-2006;5.944;5.866
23-02-2006;5.882;5.854
22-02-2006;5.848;5.88
21-02-2006;5.852;5.978
20-02-2006;5.886;5.86
17-02-2006;5.852;5.86
16-02-2006;5.832;5.824
15-02-2006;5.792;5.8
14-02-2006;5.77;5.78
13-02-2006;5.78;5.77
10-02-2006;5.722;5.78
09-02-2006;5.78;5.738
08-02-2006;5.73;5.672
07-02-2006;5.706;5.74
06-02-2006;5.7;5.736
03-02-2006;5.736;5.716
02-02-2006;5.718;5.656
01-02-2006;5.67;5.646
31-01-2006;5.654;5.678
30-01-2006;5.648;5.6
27-01-2006;5.592;5.556
26-01-2006;5.54;5.47
25-01-2006;5.466;5.386
24-01-2006;5.338;5.342
23-01-2006;5.374;5.344
20-01-2006;5.398;5.404
19-01-2006;5.412;5.428
18-01-2006;5.416;5.41
17-01-2006;5.462;5.47
16-01-2006;5.522;5.548
13-01-2006;5.54;5.62
12-01-2006;5.622;5.6
11-01-2006;5.6;5.516
10-01-2006;5.462;5.492
09-01-2006;5.524;5.496
05-01-2006;5.502;5.5
04-01-2006;5.49;5.568
03-01-2006;5.528;5.59
02-01-2006;5.57;5.51
30-12-2005;5.51;5.49
29-12-2005;5.52;5.484
28-12-2005;5.484;5.444
27-12-2005;5.492;5.46
23-12-2005;5.472;5.448
22-12-2005;5.42;5.454
21-12-2005;5.432;5.412
20-12-2005;5.42;5.37
19-12-2005;5.38;5.368
16-12-2005;5.422;5.27
15-12-2005;5.28;5.08
14-12-2005;5.07;5.168
13-12-2005;5.13;5.18
12-12-2005;5.156;5.13
09-12-2005;5.1;5.1
08-12-2005;5.108;5.06
07-12-2005;5.06;5.034
06-12-2005;5.02;5.07
05-12-2005;5.036;5.076
02-12-2005;5.062;5
01-12-2005;5;5.012
30-11-2005;4.99;5.02
29-11-2005;5.014;5
28-11-2005;5;5
25-11-2005;5.008;4.992
24-11-2005;5.016;5.038
23-11-2005;4.984;4.92
22-11-2005;4.902;4.836
21-11-2005;4.844;4.85
18-11-2005;4.86;4.838
17-11-2005;4.816;4.76
16-11-2005;4.76;4.77
15-11-2005;4.788;4.79
14-11-2005;4.802;4.746
11-11-2005;4.76;4.77
10-11-2005;4.76;4.842
09-11-2005;4.854;4.834
08-11-2005;4.862;4.854
07-11-2005;4.866;4.87
04-11-2005;4.848;4.896
03-11-2005;4.88;4.95
02-11-2005;4.908;4.914
01-11-2005;4.94;4.96
31-10-2005;4.938;4.874
28-10-2005;4.846;4.952
27-10-2005;4.94;4.914
26-10-2005;4.956;4.936
25-10-2005;4.96;4.94
24-10-2005;4.938;4.866
21-10-2005;4.836;4.866
20-10-2005;4.86;4.78
19-10-2005;4.804;4.88
18-10-2005;4.84;4.882
17-10-2005;4.85;4.9
14-10-2005;4.9;4.932
13-10-2005;4.924;4.898
12-10-2005;4.952;4.996
11-10-2005;4.986;4.9
10-10-2005;4.928;4.86
07-10-2005;4.884;4.876
06-10-2005;4.86;4.85
05-10-2005;4.89;4.89
04-10-2005;4.916;4.932
03-10-2005;4.946;4.884
30-09-2005;4.884;4.91
29-09-2005;4.902;4.96
28-09-2005;4.95;4.948
27-09-2005;4.912;4.958
26-09-2005;4.942;4.856
23-09-2005;4.906;4.88
22-09-2005;4.87;4.85
21-09-2005;4.816;4.74
20-09-2005;4.59;4.652
19-09-2005;4.622;4.614
16-09-2005;4.628;4.66
15-09-2005;4.644;4.66
14-09-2005;4.65;4.638
13-09-2005;4.652;4.662
12-09-2005;4.68;4.714
09-09-2005;4.69;4.694
08-09-2005;4.68;4.682
07-09-2005;4.686;4.6
06-09-2005;4.586;4.51
05-09-2005;4.528;4.484
02-09-2005;4.476;4.438
01-09-2005;4.442;4.438
31-08-2005;4.42;4.366
30-08-2005;4.348;4.308
29-08-2005;4.308;4.28
26-08-2005;4.306;4.348
25-08-2005;4.312;4.364
24-08-2005;4.376;4.4
23-08-2005;4.4;4.38
22-08-2005;4.404;4.416
19-08-2005;4.394;4.398
18-08-2005;4.374;4.376
17-08-2005;4.356;4.348
16-08-2005;4.36;4.36
15-08-2005;4.342;4.3
12-08-2005;4.308;4.336
11-08-2005;4.304;4.316
10-08-2005;4.34;4.29
09-08-2005;4.33;4.322
08-08-2005;4.326;4.34
05-08-2005;4.316;4.3
04-08-2005;4.316;4.4
03-08-2005;4.392;4.358
02-08-2005;4.372;4.37
01-08-2005;4.386;4.438
29-07-2005;4.408;4.46
28-07-2005;4.454;4.452
27-07-2005;4.46;4.43
26-07-2005;4.448;4.44
25-07-2005;4.44;4.41
22-07-2005;4.41;4.398
21-07-2005;4.424;4.466
20-07-2005;4.54;4.49
19-07-2005;4.466;4.46
18-07-2005;4.44;4.432
15-07-2005;4.428;4.43
14-07-2005;4.382;4.334
13-07-2005;4.344;4.24
12-07-2005;4.266;4.248
11-07-2005;4.232;4.24
08-07-2005;4.216;4.226
07-07-2005;4.164;4.248
06-07-2005;4.25;4.266
05-07-2005;4.27;4.246
04-07-2005;4.246;4.27
01-07-2005;4.272;4.24
30-06-2005;4.256;4.33
29-06-2005;4.312;4.34
28-06-2005;4.326;4.348
27-06-2005;4.332;4.32
24-06-2005;4.33;4.332
23-06-2005;4.348;4.34
22-06-2005;4.36;4.388
21-06-2005;4.374;4.394
20-06-2005;4.372;4.376
17-06-2005;4.36;4.36
16-06-2005;4.34;4.338
15-06-2005;4.308;4.298
14-06-2005;4.268;4.33
13-06-2005;4.32;4.526
10-06-2005;4.626;4.562
09-06-2005;4.534;4.532
08-06-2005;4.512;4.53
07-06-2005;4.526;4.556
06-06-2005;4.554;4.64
03-06-2005;4.65;4.65
02-06-2005;4.65;4.68
01-06-2005;4.68;4.624
31-05-2005;4.608;4.652
30-05-2005;4.618;4.582
27-05-2005;4.6;4.66
26-05-2005;4.658;4.66
25-05-2005;4.67;4.68
24-05-2005;4.686;4.734
23-05-2005;4.728;4.81
20-05-2005;4.78;4.79
19-05-2005;4.786;4.778
18-05-2005;4.77;4.694
17-05-2005;4.694;4.726
16-05-2005;4.722;4.742
13-05-2005;4.722;4.694
12-05-2005;4.738;4.71
11-05-2005;4.71;4.684
10-05-2005;4.7;4.74
09-05-2005;4.722;4.724
06-05-2005;4.706;4.67
05-05-2005;4.696;4.71
04-05-2005;4.712;4.638
03-05-2005;4.664;4.636
02-05-2005;4.66;4.592
29-04-2005;4.592;4.6
28-04-2005;4.6;4.578
27-04-2005;4.586;4.7
26-04-2005;4.696;4.684
25-04-2005;4.69;4.64
22-04-2005;4.68;4.668
21-04-2005;4.66;4.642
20-04-2005;4.64;4.6
19-04-2005;4.606;4.588
18-04-2005;4.57;4.55
15-04-2005;4.628;4.66
14-04-2005;4.68;4.648
13-04-2005;4.658;4.63
12-04-2005;4.61;4.6
11-04-2005;4.628;4.636
08-04-2005;4.648;4.698
07-04-2005;4.68;4.658
06-04-2005;4.666;4.644
05-04-2005;4.64;4.658
04-04-2005;4.62;4.678
01-04-2005;4.678;4.76
31-03-2005;4.614;4.588
30-03-2005;4.562;4.51
29-03-2005;4.532;4.566
24-03-2005;4.608;4.57
23-03-2005;4.562;4.544
22-03-2005;4.59;4.59
21-03-2005;4.57;4.55
18-03-2005;4.552;4.534
17-03-2005;4.552;4.51
16-03-2005;4.55;4.618
15-03-2005;4.654;4.6
14-03-2005;4.6;4.536
11-03-2005;4.558;4.54
10-03-2005;4.536;4.544
09-03-2005;4.588;4.66
08-03-2005;4.682;4.752
07-03-2005;4.75;4.754
04-03-2005;4.702;4.63
03-03-2005;4.632;4.678
02-03-2005;4.63;4.65
01-03-2005;4.65;4.688
28-02-2005;4.664;4.7
25-02-2005;4.698;4.664
24-02-2005;4.62;4.63
23-02-2005;4.642;4.68
22-02-2005;4.644;4.68
21-02-2005;4.698;4.696
18-02-2005;4.7;4.614
17-02-2005;4.614;4.538
16-02-2005;4.55;4.57
15-02-2005;4.554;4.484
14-02-2005;4.484;4.522
11-02-2005;4.492;4.474
10-02-2005;4.464;4.452
09-02-2005;4.474;4.51
08-02-2005;4.526;4.508
07-02-2005;4.478;4.52
04-02-2005;4.516;4.4
03-02-2005;4.462;4.358
02-02-2005;4.364;4.36
01-02-2005;4.348;4.34
31-01-2005;4.344;4.356
28-01-2005;4.316;4.324
27-01-2005;4.33;4.352
26-01-2005;4.348;4.356
25-01-2005;4.368;4.312
24-01-2005;4.324;4.286
21-01-2005;4.318;4.31
20-01-2005;4.332;4.308
19-01-2005;4.374;4.384
18-01-2005;4.376;4.33
17-01-2005;4.34;4.376
14-01-2005;4.36;4.31
13-01-2005;4.32;4.252
12-01-2005;4.258;4.278
11-01-2005;4.242;4.26
10-01-2005;4.212;4.2
07-01-2005;4.194;4.22
05-01-2005;4.236;4.29
04-01-2005;4.296;4.39
03-01-2005;4.382;4.322
30-12-2004;4.34;4.336
29-12-2004;4.35;4.344
28-12-2004;4.346;4.302
27-12-2004;4.304;4.312
23-12-2004;4.318;4.302
22-12-2004;4.32;4.312
21-12-2004;4.276;4.298
20-12-2004;4.294;4.36
17-12-2004;4.356;4.334
16-12-2004;4.36;4.356
15-12-2004;4.33;4.396
14-12-2004;4.352;4.37
13-12-2004;4.37;4.38
10-12-2004;4.42;4.394
09-12-2004;4.356;4.44
07-12-2004;4.4;4.428
03-12-2004;4.402;4.4
02-12-2004;4.424;4.4
01-12-2004;4.388;4.386
30-11-2004;4.404;4.41
29-11-2004;4.404;4.378
26-11-2004;4.386;4.354
25-11-2004;4.392;4.328
24-11-2004;4.346;4.34
23-11-2004;4.298;4.242
22-11-2004;4.2;4.086
19-11-2004;4.234;4.23
18-11-2004;4.216;4.126
17-11-2004;4.142;4.066
16-11-2004;4.052;4.092
15-11-2004;4.07;4.086
12-11-2004;4.076;4.07
11-11-2004;4.05;4.06
10-11-2004;4.04;4.058
09-11-2004;4.04;4.026
08-11-2004;4.044;4.022
05-11-2004;4.022;4.01
04-11-2004;3.99;4.012
03-11-2004;4.012;4.04
02-11-2004;4.022;3.984
29-10-2004;3.984;4
28-10-2004;3.99;3.99
27-10-2004;3.988;3.96
26-10-2004;3.96;3.984
25-10-2004;3.958;3.976
22-10-2004;3.988;4
21-10-2004;4.006;4.018
20-10-2004;4;4.004
19-10-2004;4;3.992
18-10-2004;3.986;3.99
15-10-2004;3.99;3.952
14-10-2004;3.962;3.978
13-10-2004;3.98;3.99
11-10-2004;4;4.02
08-10-2004;4.026;3.992
07-10-2004;4.024;4.058
06-10-2004;4.048;4.05
05-10-2004;4.05;4.04
04-10-2004;4.05;4.004
01-10-2004;3.998;3.994
30-09-2004;3.98;4.03
29-09-2004;4.014;4.004
28-09-2004;3.986;3.97
27-09-2004;3.972;3.972
24-09-2004;3.992;4.01
23-09-2004;4.036;4.06
22-09-2004;3.968;4.01
21-09-2004;4.018;4.052
20-09-2004;4.034;4.086
17-09-2004;4.064;4.038
16-09-2004;4;3.956
15-09-2004;3.94;3.944
14-09-2004;3.924;3.902
13-09-2004;3.92;3.9
10-09-2004;3.898;3.914
09-09-2004;3.9;3.876
08-09-2004;3.902;3.91
07-09-2004;3.92;3.902
06-09-2004;3.916;3.89
03-09-2004;3.898;3.87
02-09-2004;3.88;3.832
01-09-2004;3.83;3.794
31-08-2004;3.778;3.81
30-08-2004;3.816;3.798
27-08-2004;3.8;3.778
26-08-2004;3.78;3.726
25-08-2004;3.698;3.728
24-08-2004;3.71;3.688
23-08-2004;3.676;3.678
20-08-2004;3.654;3.646
19-08-2004;3.644;3.714
18-08-2004;3.688;3.69
17-08-2004;3.684;3.636
13-08-2004;3.632;3.608
12-08-2004;3.626;3.62
11-08-2004;3.616;3.682
10-08-2004;3.656;3.624
09-08-2004;3.628;3.614
06-08-2004;3.626;3.696
05-08-2004;3.714;3.76
04-08-2004;3.74;3.752
03-08-2004;3.792;3.778
02-08-2004;3.794;3.8
30-07-2004;3.804;3.8
29-07-2004;3.8;3.778
28-07-2004;3.78;3.778
27-07-2004;3.74;3.68
26-07-2004;3.668;3.74
23-07-2004;3.758;3.75
22-07-2004;3.734;3.746
21-07-2004;3.816;3.832
20-07-2004;3.81;3.8
19-07-2004;3.798;3.772
16-07-2004;3.79;3.754
15-07-2004;3.744;3.822
14-07-2004;3.82;3.86
13-07-2004;3.866;3.88
12-07-2004;3.86;3.88
09-07-2004;3.864;3.88
08-07-2004;3.892;3.934
07-07-2004;3.93;3.852
06-07-2004;3.842;3.83
05-07-2004;3.832;3.836
02-07-2004;3.86;3.83
01-07-2004;3.854;3.8
30-06-2004;3.772;3.838
29-06-2004;3.84;3.876
28-06-2004;3.878;3.81
25-06-2004;3.838;3.822
24-06-2004;3.84;3.84
23-06-2004;3.836;3.776
22-06-2004;3.774;3.814
21-06-2004;3.84;3.812
18-06-2004;3.84;3.74
17-06-2004;3.768;3.782
16-06-2004;3.76;3.768
15-06-2004;3.776;3.798
14-06-2004;3.782;3.84
11-06-2004;3.85;3.7
10-06-2004;3.808;3.814
09-06-2004;3.81;3.8
08-06-2004;3.788;3.804
07-06-2004;3.798;3.73
04-06-2004;3.76;3.702
03-06-2004;3.694;3.76
02-06-2004;3.762;3.72
01-06-2004;3.712;3.76
31-05-2004;3.79;3.736
28-05-2004;3.768;3.8
27-05-2004;3.772;3.778
26-05-2004;3.752;3.73
25-05-2004;3.706;3.682
24-05-2004;3.71;3.7
21-05-2004;3.68;3.69
20-05-2004;3.682;3.688
19-05-2004;3.696;3.678
18-05-2004;3.67;3.608
17-05-2004;3.604;3.596
14-05-2004;3.63;3.602
13-05-2004;3.604;3.536
12-05-2004;3.54;3.52
11-05-2004;3.494;3.522
10-05-2004;3.522;3.546
07-05-2004;3.556;3.61
06-05-2004;3.622;3.66
05-05-2004;3.644;3.7
04-05-2004;3.7;3.662
03-05-2004;3.644;3.63
30-04-2004;3.628;3.636
29-04-2004;3.636;3.612
28-04-2004;3.64;3.68
27-04-2004;3.666;3.67
26-04-2004;3.67;3.7
23-04-2004;3.688;3.716
22-04-2004;3.684;3.7
21-04-2004;3.68;3.688
20-04-2004;3.742;3.808
19-04-2004;3.812;3.85
16-04-2004;3.874;3.84
15-04-2004;3.834;3.818
14-04-2004;3.846;3.842
13-04-2004;3.88;3.74
08-04-2004;3.77;3.75
07-04-2004;3.74;3.668
06-04-2004;3.69;3.768
05-04-2004;3.75;3.726
02-04-2004;3.758;3.746
01-04-2004;3.73;3.748
31-03-2004;3.76;3.75
30-03-2004;3.756;3.722
29-03-2004;3.738;3.644
26-03-2004;3.696;3.71
25-03-2004;3.71;3.624
24-03-2004;3.28;3.2
23-03-2004;3.184;3.228
22-03-2004;3.208;3.262
19-03-2004;3.294;3.3
18-03-2004;3.282;3.342
17-03-2004;3.332;3.37
16-03-2004;3.316;3.246
15-03-2004;3.276;3.33
12-03-2004;3.402;3.34
11-03-2004;3.44;3.462
10-03-2004;3.52;3.422
09-03-2004;3.452;3.506
08-03-2004;3.51;3.538
05-03-2004;3.52;3.54
04-03-2004;3.54;3.506
03-03-2004;3.504;3.564
02-03-2004;3.588;3.586
01-03-2004;3.586;3.556
27-02-2004;3.52;3.578
26-02-2004;3.572;3.504
25-02-2004;3.496;3.492
24-02-2004;3.49;3.53
23-02-2004;3.51;3.438
20-02-2004;3.42;3.4
19-02-2004;3.396;3.396
18-02-2004;3.414;3.432
17-02-2004;3.428;3.41
16-02-2004;3.378;3.39
13-02-2004;3.392;3.414
12-02-2004;3.412;3.404
11-02-2004;3.376;3.2
10-02-2004;3.204;3.192
09-02-2004;3.19;3.178
06-02-2004;3.17;3.176
05-02-2004;3.162;3.134
04-02-2004;3.12;3.1
03-02-2004;3.102;3.086
02-02-2004;3.078;3.14
30-01-2004;3.132;3.218
29-01-2004;3.192;3.14
28-01-2004;3.144;3.104
27-01-2004;3.122;3.13
26-01-2004;3.122;3.14
23-01-2004;3.12;3.14
22-01-2004;3.134;3.196
21-01-2004;3.19;3.188
20-01-2004;3.18;3.204
19-01-2004;3.2;3.2
16-01-2004;3.192;3.2
15-01-2004;3.184;3.21
14-01-2004;3.2;3.172
13-01-2004;3.174;3.218
12-01-2004;3.206;3.17
09-01-2004;3.168;3.21
08-01-2004;3.186;3.196
07-01-2004;3.18;3.226
05-01-2004;3.23;3.26
02-01-2004;3.242;3.252
30-12-2003;3.22;3.24
29-12-2003;3.236;3.17
23-12-2003;3.15;3.116
22-12-2003;3.1;3.11
19-12-2003;3.12;3.144
18-12-2003;3.126;3.116
17-12-2003;3.12;3.184
16-12-2003;3.17;3.188
15-12-2003;3.196;3.24
12-12-2003;3.206;3.34
11-12-2003;3.578;3.636
10-12-2003;3.616;3.618
09-12-2003;3.62;3.658
05-12-2003;3.658;3.692
04-12-2003;3.67;3.688
03-12-2003;3.696;3.748
02-12-2003;3.734;3.708
01-12-2003;3.666;3.72
28-11-2003;3.706;3.77
27-11-2003;3.758;3.832
26-11-2003;3.818;3.816
25-11-2003;3.8;3.816
24-11-2003;3.796;3.774
21-11-2003;3.77;3.754
20-11-2003;3.77;3.8
19-11-2003;3.78;3.7
18-11-2003;3.748;3.81
17-11-2003;3.788;3.858
14-11-2003;3.89;3.86
13-11-2003;3.842;3.876
12-11-2003;3.844;3.76
11-11-2003;3.756;3.758
10-11-2003;3.74;3.728
07-11-2003;3.722;3.664
06-11-2003;3.644;3.688
05-11-2003;3.714;3.49
04-11-2003;3.544;3.618
03-11-2003;3.596;3.564
31-10-2003;3.554;3.59
30-10-2003;3.576;3.59
29-10-2003;3.584;3.64
28-10-2003;3.61;3.602
27-10-2003;3.596;3.614
24-10-2003;3.606;3.624
23-10-2003;3.618;3.63
22-10-2003;3.642;3.774
21-10-2003;3.762;3.66
20-10-2003;3.652;3.688
17-10-2003;3.664;3.752
16-10-2003;3.726;3.728
15-10-2003;3.724;3.756
14-10-2003;3.746;3.814
13-10-2003;3.788;3.718
10-10-2003;3.696;3.644
09-10-2003;3.632;3.68
08-10-2003;3.664;3.672
07-10-2003;3.66;3.696
06-10-2003;3.66;3.696
03-10-2003;3.686;3.68
02-10-2003;3.658;3.77
01-10-2003;3.688;3.698
30-09-2003;3.68;3.68
29-09-2003;3.69;3.762
26-09-2003;3.76;3.87
25-09-2003;3.858;3.86
24-09-2003;3.89;3.88
23-09-2003;3.844;3.91
22-09-2003;3.896;3.98
19-09-2003;3.984;3.912
18-09-2003;4.57;4.484
17-09-2003;4.47;4.482
16-09-2003;4.452;4.404
15-09-2003;4.424;4.43
12-09-2003;4.406;4.44
11-09-2003;4.428;4.434
10-09-2003;4.424;4.518
09-09-2003;4.492;4.546
08-09-2003;4.58;4.442
05-09-2003;4.436;4.536
04-09-2003;4.522;4.77
03-09-2003;4.8;4.698
02-09-2003;4.732;4.614
01-09-2003;4.65;4.554
29-08-2003;4.53;4.612
28-08-2003;4.62;4.604
27-08-2003;4.65;4.59
26-08-2003;4.6;4.6
25-08-2003;4.568;4.592
22-08-2003;4.6;4.594
21-08-2003;4.6;4.502
20-08-2003;4.53;4.452
19-08-2003;4.47;4.52
18-08-2003;4.486;4.48
14-08-2003;4.452;4.488
13-08-2003;4.46;4.51
12-08-2003;4.482;4.474
11-08-2003;4.444;4.398
08-08-2003;4.398;4.48
07-08-2003;4.42;4.538
06-08-2003;4.502;4.464
05-08-2003;4.508;4.46
04-08-2003;4.538;4.478
01-08-2003;4.482;4.502
31-07-2003;4.544;4.588
30-07-2003;4.572;4.438
29-07-2003;4.444;4.362
28-07-2003;4.38;4.37
25-07-2003;4.396;4.322
24-07-2003;4.364;4.336
23-07-2003;4.33;4.318
22-07-2003;4.32;4.33
21-07-2003;4.33;4.36
18-07-2003;4.34;4.306
17-07-2003;4.33;4.28
16-07-2003;4.29;4.352
15-07-2003;4.344;4.39
14-07-2003;4.39;4.4
11-07-2003;4.39;4.314
10-07-2003;4.35;4.41
09-07-2003;4.4;4.364
08-07-2003;4.4;4.4
07-07-2003;4.4;4.374
04-07-2003;4.354;4.316
03-07-2003;4.306;4.364
02-07-2003;4.38;4.382
01-07-2003;4.32;4.358
30-06-2003;4.38;4.386
27-06-2003;4.398;4.27
26-06-2003;4.232;4.208
25-06-2003;4.18;4.208
24-06-2003;4.184;4.196
23-06-2003;4.164;4.204
20-06-2003;4.29;4.182
19-06-2003;4.152;4.272
18-06-2003;4.26;4.25
17-06-2003;4.282;4.27
16-06-2003;4.26;4.136
13-06-2003;4.182;4.05
12-06-2003;3.96;3.896
11-06-2003;3.806;3.842
10-06-2003;3.842;3.86
09-06-2003;3.86;3.906
06-06-2003;3.916;3.88
05-06-2003;3.862;3.856
04-06-2003;3.856;3.814
03-06-2003;3.82;3.832
02-06-2003;3.83;3.84
30-05-2003;3.83;3.796
29-05-2003;3.8;3.78
28-05-2003;3.78;3.758
27-05-2003;3.744;3.69
26-05-2003;3.702;3.738
23-05-2003;3.72;3.74
22-05-2003;3.74;3.64
21-05-2003;3.636;3.62
20-05-2003;3.644;3.612
19-05-2003;3.62;3.688
16-05-2003;3.704;3.584
15-05-2003;3.584;3.58
14-05-2003;3.58;3.524
13-05-2003;3.492;3.42
12-05-2003;3.384;3.416
09-05-2003;3.39;3.452
08-05-2003;3.45;3.492
07-05-2003;3.472;3.514
06-05-2003;3.51;3.606
05-05-2003;3.606;3.53
02-05-2003;3.526;3.594
30-04-2003;3.572;3.6
29-04-2003;3.574;3.598
28-04-2003;3.596;3.56
25-04-2003;3.544;3.55
24-04-2003;3.556;3.49
23-04-2003;3.476;3.444
22-04-2003;3.42;3.41
17-04-2003;3.41;3.43
16-04-2003;3.408;3.516
15-04-2003;3.51;3.536
14-04-2003;3.526;3.546
11-04-2003;3.54;3.516
10-04-2003;3.502;3.55
09-04-2003;3.57;3.462
08-04-2003;3.496;3.564
07-04-2003;3.56;3.608
04-04-2003;3.596;3.62
03-04-2003;3.606;3.64
02-04-2003;3.66;3.684
01-04-2003;3.656;3.592
31-03-2003;3.558;3.71
28-03-2003;3.732;3.758
27-03-2003;3.73;3.73
26-03-2003;3.738;3.668
25-03-2003;3.63;3.542
24-03-2003;3.564;3.7
21-03-2003;3.68;3.698
20-03-2003;4.58;4.602
19-03-2003;4.61;4.63
18-03-2003;4.618;4.496
17-03-2003;4.5;4.362
14-03-2003;4.37;4.36
13-03-2003;4.332;4.358
12-03-2003;4.278;4.382
11-03-2003;4.39;4.38
10-03-2003;4.39;4.442
07-03-2003;4.438;4.502
06-03-2003;4.56;4.654
05-03-2003;4.654;4.47
04-03-2003;4.43;4.482
03-03-2003;4.536;4.474
28-02-2003;4.48;4.568
27-02-2003;4.59;4.526
26-02-2003;4.51;4.334
25-02-2003;4.32;4.35
24-02-2003;4.342;4.394
21-02-2003;4.388;4.4
20-02-2003;4.43;4.498
19-02-2003;4.48;4.53
18-02-2003;4.51;4.45
17-02-2003;4.482;4.414
14-02-2003;4.424;4.348
13-02-2003;4.31;4.364
12-02-2003;4.408;4.402
11-02-2003;4.41;4.342
10-02-2003;4.36;4.408
07-02-2003;4.442;4.354
06-02-2003;4.39;4.39
05-02-2003;4.41;4.372
04-02-2003;4.388;4.45
03-02-2003;4.5;4.424
31-01-2003;4.436;4.46
30-01-2003;4.51;4.36
29-01-2003;4.344;4.316
28-01-2003;4.264;4.38
27-01-2003;4.27;4.37
24-01-2003;4.4;4.388
23-01-2003;4.352;4.426
22-01-2003;4.434;4.4
21-01-2003;4.374;4.48
20-01-2003;4.428;4.418
17-01-2003;4.418;4.498
16-01-2003;4.48;4.43
15-01-2003;4.432;4.52
14-01-2003;4.5;4.436
13-01-2003;4.39;4.406
10-01-2003;4.408;4.386
09-01-2003;4.398;4.254
08-01-2003;4.28;4.436
07-01-2003;4.436;4.42
03-01-2003;4.43;4.47
02-01-2003;4.48;4.482
30-12-2002;4.502;4.446
27-12-2002;4.47;4.454
23-12-2002;4.566;4.402
20-12-2002;4.408;4.516
19-12-2002;4.466;4.582
18-12-2002;4.616;4.63
17-12-2002;4.588;4.74
16-12-2002;4.72;4.6
13-12-2002;4.708;4.812
12-12-2002;4.826;4.76
11-12-2002;4.72;4.688
10-12-2002;4.64;4.766
09-12-2002;4.798;4.524
05-12-2002;4.752;4.76
04-12-2002;4.758;4.8
03-12-2002;4.8;4.978
02-12-2002;5;4.82
29-11-2002;4.898;4.838
28-11-2002;4.85;4.768
27-11-2002;4.8;4.58
26-11-2002;4.588;4.576
25-11-2002;4.592;4.546
22-11-2002;4.584;4.546
21-11-2002;4.54;4.52
20-11-2002;4.536;4.508
19-11-2002;4.54;4.504
18-11-2002;4.55;4.448
15-11-2002;4.49;4.556
14-11-2002;4.556;4.506
13-11-2002;4.546;4.51
12-11-2002;4.54;4.57
11-11-2002;4.576;4.538
08-11-2002;4.534;4.406
07-11-2002;4.53;4.548
06-11-2002;4.556;4.54
05-11-2002;4.508;4.506
04-11-2002;4.56;4.616
31-10-2002;4.54;4.488
30-10-2002;4.5;4.44
29-10-2002;4.386;4.43
28-10-2002;4.418;4.478
25-10-2002;4.436;4.526
24-10-2002;4.596;4.554
23-10-2002;4.566;4.578
22-10-2002;4.558;4.482
21-10-2002;4.49;4.6
18-10-2002;4.648;4.624
17-10-2002;4.68;4.502
16-10-2002;4.482;4.522
15-10-2002;4.582;4.382
14-10-2002;4.37;4.416
11-10-2002;4.49;4.3
10-10-2002;4.3;4.2
09-10-2002;4.25;4.2
08-10-2002;4.178;4.09
07-10-2002;4.09;3.994
04-10-2002;4.09;3.984
03-10-2002;3.964;4.11
02-10-2002;4.11;4.098
01-10-2002;3.98;4.104
30-09-2002;4.1;4.048
27-09-2002;4.106;4.104
26-09-2002;4.08;4.228
25-09-2002;4.17;4.12
24-09-2002;4.2;4.2
23-09-2002;4.2;4.21
20-09-2002;4.28;4.076
19-09-2002;4.02;4.022
18-09-2002;4.052;4.062
17-09-2002;4.094;4.098
16-09-2002;4.062;3.822
13-09-2002;3.878;3.832
12-09-2002;3.832;3.96
11-09-2002;3.97;3.964
10-09-2002;3.976;3.8
09-09-2002;3.8;3.74
06-09-2002;3.73;3.746
05-09-2002;3.768;3.836
04-09-2002;3.802;3.86
03-09-2002;3.86;3.95
02-09-2002;3.95;3.884
30-08-2002;3.98;3.762
29-08-2002;3.772;3.836
28-08-2002;3.8;3.836
27-08-2002;3.818;3.89
26-08-2002;3.842;3.928
23-08-2002;3.93;4.168
22-08-2002;4.142;3.83
21-08-2002;3.98;3.82
20-08-2002;3.8;3.8
19-08-2002;3.814;3.876
16-08-2002;3.9;3.79
14-08-2002;3.708;3.558
13-08-2002;3.61;3.56
12-08-2002;3.58;3.65
09-08-2002;3.68;3.96
08-08-2002;3.98;3.834
07-08-2002;3.9;3.82
06-08-2002;3.8;3.496
05-08-2002;3.528;3.65
02-08-2002;3.72;3.844
01-08-2002;3.9;4.036
31-07-2002;4;3.842
30-07-2002;3.842;4.03
29-07-2002;4.03;3.696
26-07-2002;3.696;3.742
25-07-2002;3.764;3.854
24-07-2002;3.722;3.84
23-07-2002;3.84;3.902
22-07-2002;3.902;4.1
19-07-2002;4.1;4.22
18-07-2002;4.22;4.076
17-07-2002;4.076;3.964
16-07-2002;3.964;4.02
15-07-2002;3.918;4.132
12-07-2002;4.1;4.15
11-07-2002;4.09;4.26
10-07-2002;4.26;4.2
09-07-2002;4.32;4.496
08-07-2002;4.45;4.4
05-07-2002;4.4;4.394
04-07-2002;4.332;4.35
03-07-2002;4.3;4.292
02-07-2002;4.32;4.26
01-07-2002;4.32;4.25
28-06-2002;4.276;4.15
27-06-2002;4.194;4.28
26-06-2002;4.27;4.17
25-06-2002;4.23;4.2
24-06-2002;4.218;4.296
21-06-2002;4.262;4.262
20-06-2002;4.272;4.36
19-06-2002;4.4;4.41
18-06-2002;4.42;4.5
17-06-2002;4.44;4.496
14-06-2002;4.496;4.514
13-06-2002;4.482;4.536
12-06-2002;4.482;4.49
11-06-2002;4.528;4.44
10-06-2002;4.44;4.446
07-06-2002;4.388;4.34
06-06-2002;4.37;4.284
05-06-2002;4.28;4.276
04-06-2002;4.234;4.278
03-06-2002;4.286;4.406
31-05-2002;4.438;4.276
30-05-2002;4.302;4.352
29-05-2002;4.366;4.28
28-05-2002;4.262;4.31
27-05-2002;4.314;4.334
24-05-2002;4.346;4.308
23-05-2002;4.28;4.312
22-05-2002;4.31;4.334
21-05-2002;4.37;4.306
20-05-2002;4.308;4.374
17-05-2002;4.4;4.392
16-05-2002;4.37;4.39
15-05-2002;4.394;4.472
14-05-2002;4.472;4.45
13-05-2002;4.45;4.35
10-05-2002;4.38;4.42
09-05-2002;4.4;4.418
08-05-2002;4.4;4.452
07-05-2002;4.434;4.46
06-05-2002;4.55;4.55
03-05-2002;4.54;4.464
02-05-2002;4.454;4.514
30-04-2002;4.578;4.506
29-04-2002;4.49;4.536
26-04-2002;4.514;4.59
25-04-2002;4.56;4.59
24-04-2002;4.59;4.57
23-04-2002;4.564;4.462
22-04-2002;4.444;4.43
19-04-2002;4.392;4.382
18-04-2002;4.418;4.414
17-04-2002;4.402;4.49
16-04-2002;4.5;4.378
15-04-2002;4.36;4.36
12-04-2002;4.35;4.22
11-04-2002;4.232;4.312
10-04-2002;4.286;4.272
09-04-2002;4.28;4.252
08-04-2002;4.23;4.298
05-04-2002;4.27;4.362
04-04-2002;4.358;4.364
03-04-2002;4.34;4.36
02-04-2002;4.398;4.33
28-03-2002;4.31;4.272
27-03-2002;4.32;4.316
26-03-2002;4.28;4.302
25-03-2002;4.3;4.406
22-03-2002;4.39;4.548
21-03-2002;4.444;4.54
20-03-2002;4.534;4.538
19-03-2002;4.506;4.578
18-03-2002;4.582;4.532
15-03-2002;4.57;4.454
14-03-2002;4.454;4.4
13-03-2002;4.386;4.4
12-03-2002;4.43;4.494
11-03-2002;4.538;4.566
08-03-2002;4.564;4.49
07-03-2002;4.44;4.5
06-03-2002;4.46;4.43
05-03-2002;4.51;4.53
04-03-2002;4.6;4.57
01-03-2002;4.6;4.554
28-02-2002;4.532;4.51
27-02-2002;4.6;4.39
26-02-2002;4.4;4.5
25-02-2002;4.478;4.364
22-02-2002;4.4;4.392
21-02-2002;4.412;4.396
20-02-2002;4.352;4.406
19-02-2002;4.4;4.46
18-02-2002;4.448;4.442
15-02-2002;4.496;4.38
14-02-2002;4.42;4.278
13-02-2002;4.248;4.3
12-02-2002;4.298;4.358
11-02-2002;4.32;4.366
08-02-2002;4.32;4.394
07-02-2002;4.438;4.316
06-02-2002;4.302;4.44
05-02-2002;4.44;4.442
04-02-2002;4.484;4.57
01-02-2002;4.598;4.51
31-01-2002;4.426;4.37
30-01-2002;4.334;4.398
29-01-2002;4.4;4.49
28-01-2002;4.5;4.508
25-01-2002;4.51;4.502
24-01-2002;4.564;4.418
23-01-2002;4.42;4.3
22-01-2002;4.32;4.32
21-01-2002;4.32;4.302
18-01-2002;4.34;4.3
17-01-2002;4.32;4.302
16-01-2002;4.3;4.27
15-01-2002;4.23;4.316
14-01-2002;4.332;4.38
11-01-2002;4.36;4.488
10-01-2002;4.49;4.44
09-01-2002;4.5;4.56
08-01-2002;4.596;4.402
07-01-2002;4.44;4.474
04-01-2002;4.5;4.476
03-01-2002;4.5;4.39
02-01-2002;4.34;4.42
28-12-2001;4.282;4.28
27-12-2001;4.3;4.28
21-12-2001;4.3;4.28
20-12-2001;4.3;4.34
19-12-2001;4.38;4.41
18-12-2001;4.4;4.39
17-12-2001;4.4;4.34
14-12-2001;4.2;4.132
13-12-2001;4.1;4.334
12-12-2001;4.312;4.55
11-12-2001;4.52;4.542
10-12-2001;4.59;4.65
07-12-2001;4.706;4.76
05-12-2001;4.79;4.61
04-12-2001;4.566;4.43
03-12-2001;4.5;4.298
30-11-2001;4.308;4.22
29-11-2001;4.12;4.1
28-11-2001;4.13;4.354
27-11-2001;4.26;4.394
26-11-2001;4.4;4.246
23-11-2001;4.18;4.258
22-11-2001;4.26;4.25
21-11-2001;4.16;4.196
20-11-2001;4.22;4.2
19-11-2001;4.2;4.108
16-11-2001;4.06;4.104
15-11-2001;4.1;4.08
14-11-2001;4.078;4
13-11-2001;4.02;3.988
12-11-2001;3.924;3.946
09-11-2001;3.97;3.952
08-11-2001;4;4.01
07-11-2001;4.1;3.94
06-11-2001;3.958;3.922
05-11-2001;3.92;3.88
02-11-2001;3.868;3.924
01-11-2001;3.9;4.136
31-10-2001;4.14;3.872
30-10-2001;3.862;4
29-10-2001;4;4.1
26-10-2001;4.1;3.912
25-10-2001;3.988;3.93
24-10-2001;3.922;3.826
23-10-2001;3.89;3.838
22-10-2001;3.882;3.8
19-10-2001;3.78;3.856
18-10-2001;3.858;3.624
17-10-2001;3.796;3.622
16-10-2001;3.614;3.61
15-10-2001;3.614;3.662
11-10-2001;3.72;3.704
10-10-2001;3.74;3.732
09-10-2001;3.686;3.502
08-10-2001;3.55;3.502
05-10-2001;3.59;3.558
04-10-2001;3.6;3.52
03-10-2001;3.5;3.606
02-10-2001;3.624;3.682
01-10-2001;3.72;3.63
28-09-2001;3.7;3.562
27-09-2001;3.61;3.7
26-09-2001;3.762;3.59
25-09-2001;3.596;3.464
24-09-2001;3.436;3.12
21-09-2001;3.06;3.348
20-09-2001;3.348;3.344
19-09-2001;3.33;3.25
18-09-2001;3.3;3.32
17-09-2001;3.34;3.34
14-09-2001;3.39;3.398
13-09-2001;3.39;3.398
12-09-2001;3.38;3.06
11-09-2001;3.3;3.74
10-09-2001;3.68;3.7
07-09-2001;3.702;3.72
06-09-2001;3.72;3.82
05-09-2001;3.78;3.82
04-09-2001;3.82;3.78
03-09-2001;3.788;3.804
31-08-2001;3.85;3.76
30-08-2001;3.76;3.858
29-08-2001;3.86;3.85
28-08-2001;3.896;3.9
27-08-2001;3.862;3.842
24-08-2001;3.9;3.824
23-08-2001;3.86;3.834
22-08-2001;3.86;3.828
21-08-2001;3.812;3.846
20-08-2001;3.822;3.862
17-08-2001;3.938;3.8
16-08-2001;3.83;3.802
14-08-2001;3.802;3.796
13-08-2001;3.796;3.8
10-08-2001;3.78;3.788
09-08-2001;3.79;3.806
08-08-2001;3.828;3.822
07-08-2001;3.84;3.802
06-08-2001;3.838;3.782
03-08-2001;3.836;3.746
02-08-2001;3.77;3.688
01-08-2001;3.7;3.61
31-07-2001;3.676;3.616
30-07-2001;3.616;3.58
27-07-2001;3.58;3.602
26-07-2001;3.6;3.61
25-07-2001;3.6;3.622
24-07-2001;3.612;3.602
23-07-2001;3.602;3.604
20-07-2001;3.61;3.6
19-07-2001;3.61;3.6
18-07-2001;3.602;3.61
17-07-2001;3.63;3.602
16-07-2001;3.62;3.618
13-07-2001;3.66;3.682
12-07-2001;3.7;3.702
11-07-2001;3.686;3.738
10-07-2001;3.742;3.796
09-07-2001;3.77;3.7
06-07-2001;3.7;3.76
05-07-2001;3.73;3.796
04-07-2001;3.796;3.82
03-07-2001;3.82;3.772
02-07-2001;3.82;3.758
29-06-2001;3.77;3.7
28-06-2001;3.694;3.698
27-06-2001;3.702;3.74
26-06-2001;3.758;3.75
25-06-2001;3.79;3.7
22-06-2001;3.746;3.682
21-06-2001;3.708;3.612
20-06-2001;3.602;3.606
19-06-2001;3.62;3.58
18-06-2001;3.596;3.58
15-06-2001;3.6;3.64
14-06-2001;3.646;3.77
13-06-2001;3.76;3.762
12-06-2001;3.768;3.73
11-06-2001;3.74;3.74
08-06-2001;3.72;3.8
07-06-2001;3.8;3.85
06-06-2001;3.83;3.846
05-06-2001;3.822;3.802
04-06-2001;3.8;3.642
01-06-2001;3.66;3.664
31-05-2001;3.67;3.62
30-05-2001;3.62;3.606
29-05-2001;3.614;3.562
28-05-2001;3.58;3.56
25-05-2001;3.602;3.6
24-05-2001;3.608;3.6
23-05-2001;3.6;3.704
